-- RUN schema.sql to create database before running this file.

-- Dummy Data: Rooms 1-100
INSERT INTO rooms (id, avg_rating, total_ratings, max_guests, min_night_stay, cleaning_fee, addtl_guest_fee) 
VALUES (1, 4.6, 299, 4, 2, 1092, 14566),
(2, 3.6, 792, 4, 2, 4544, 9866),
(3, 4.6, 265, 1, 2, 3471, 10223),
(4, 3.0, 315, 4, 2, 2518, 15396),
(5, 3.6, 282, 6, 2, 2752, 6886),
(6, 3.1, 756, 4, 2, 1621, 8733),
(7, 4.5, 478, 4, 2, 1827, 4535),
(8, 3.9, 846, 3, 2, 2765, 1758),
(9, 3.8, 144, 5, 2, 2787, 18044),
(10, 3.5, 307, 3, 2, 2022, 14571),
(11, 4.0, 706, 1, 1, 1972, 14189),
(12, 4.8, 293, 1, 2, 1846, 7176),
(13, 3.7, 534, 4, 2, 2256, 8101),
(14, 3.2, 415, 2, 1, 1651, 10946),
(15, 4.5, 189, 3, 2, 7894, 3976),
(16, 4.6, 758, 1, 1, 1664, 2751),
(17, 4.9, 602, 3, 1, 6816, 17800),
(18, 4.8, 662, 2, 2, 2524, 11435),
(19, 3.5, 627, 4, 2, 2762, 19852),
(20, 3.0, 385, 6, 3, 1145, 12152),
(21, 4.5, 239, 4, 2, 1393, 8693),
(22, 4.2, 805, 6, 2, 1108, 16320),
(23, 4.2, 863, 2, 2, 2601, 11993),
(24, 3.0, 830, 2, 2, 1648, 7277),
(25, 3.8, 775, 4, 1, 5865, 10573),
(26, 4.4, 102, 1, 1, 2404, 2073),
(27, 3.2, 587, 6, 2, 2280, 13423),
(28, 3.4, 453, 3, 3, 1800, 10002),
(29, 3.7, 890, 2, 2, 2141, 14382),
(30, 3.4, 649, 4, 2, 3299, 8082),
(31, 3.6, 82, 4, 1, 2785, 18002),
(32, 4.3, 733, 7, 2, 1976, 3539),
(33, 4.5, 167, 3, 2, 2284, 14462),
(34, 4.3, 287, 4, 3, 4502, 19016),
(35, 3.0, 600, 6, 2, 2728, 6350),
(36, 3.4, 432, 1, 2, 1709, 14286),
(37, 3.9, 795, 3, 3, 2226, 11140),
(38, 3.9, 917, 3, 3, 8185, 978),
(39, 4.5, 277, 1, 2, 1107, 18691),
(40, 3.5, 355, 7, 3, 1775, 17669),
(41, 3.7, 143, 1, 2, 2150, 15070),
(42, 3.0, 831, 8, 2, 1953, 15833),
(43, 4.2, 513, 4, 2, 2780, 6327),
(44, 3.4, 793, 5, 2, 2711, 18537),
(45, 4.4, 934, 1, 2, 3101, 11913),
(46, 3.8, 585, 4, 2, 5116, 3410),
(47, 4.4, 979, 3, 2, 1179, 16234),
(48, 3.9, 518, 2, 2, 6100, 2285),
(49, 3.2, 855, 4, 2, 7739, 2802),
(50, 3.9, 377, 1, 1, 2174, 18548),
(51, 3.4, 502, 5, 2, 4903, 11735),
(52, 4.4, 213, 5, 2, 4050, 5429),
(53, 4.6, 933, 1, 2, 5111, 5722),
(54, 3.3, 906, 4, 2, 2570, 7696),
(55, 3.5, 377, 4, 2, 2356, 8459),
(56, 3.7, 603, 2, 2, 2277, 10716),
(57, 4.5, 163, 6, 1, 2374, 12115),
(58, 3.9, 702, 6, 2, 1996, 18745),
(59, 3.5, 142, 7, 1, 3424, 17302),
(60, 4.9, 806, 4, 2, 2025, 2998),
(61, 4.1, 788, 4, 2, 1350, 15405),
(62, 3.9, 687, 6, 1, 2127, 14941),
(63, 4.0, 680, 6, 2, 2217, 17301),
(64, 4.9, 303, 4, 2, 2250, 9999),
(65, 4.5, 33, 4, 2, 1266, 8260),
(66, 3.3, 500, 4, 1, 4232, 1385),
(67, 3.7, 465, 5, 2, 7224, 2490),
(68, 4.2, 276, 5, 2, 2698, 10714),
(69, 3.2, 72, 6, 1, 2941, 16703),
(70, 4.3, 540, 5, 2, 6308, 10805),
(71, 3.3, 1000, 3, 2, 1346, 2968),
(72, 4.6, 97, 4, 1, 2009, 4086),
(73, 4.3, 717, 5, 2, 4112, 11380),
(74, 4.9, 574, 1, 2, 2126, 15920),
(75, 4.3, 698, 1, 2, 1112, 10847),
(76, 4.3, 990, 1, 1, 3419, 4898),
(77, 4.7, 33, 6, 2, 1901, 3764),
(78, 3.5, 170, 5, 2, 2968, 12176),
(79, 3.7, 415, 5, 2, 1449, 13710),
(80, 3.8, 938, 7, 2, 1245, 9366),
(81, 3.4, 590, 4, 2, 1752, 2731),
(82, 3.7, 81, 4, 2,  1832, 5801),
(83, 4.2, 463, 7, 2, 2447, 18189),
(84, 3.1, 838, 4, 2, 2131, 12986),
(85, 4.1, 859, 6, 2, 2846, 19963),
(86, 3.1, 829, 3, 2, 1001, 10663),
(87, 4.6, 856, 3, 2, 2752, 1163),
(88, 3.4, 818, 3, 1, 2660, 6843),
(89, 3.2, 681, 4, 2, 2188, 7434),
(90, 3.3, 675, 5, 2, 4133, 968),
(91, 4.6, 890, 4, 2, 1222, 9992),
(92, 3.0, 918, 7, 1, 2905, 14342),
(93, 3.6, 656, 3, 2, 2192, 16010),
(94, 4.4, 979, 2, 2, 8664, 17804),
(95, 3.9, 395, 3, 2, 8654, 14387),
(96, 4.7, 548, 1, 2, 2975, 9904),
(97, 4.7, 580, 2, 1, 2265, 17766),
(98, 3.8, 125, 4, 2, 1312, 4258),
(99, 4.6, 344, 3, 2, 2789, 3728),
(100, 3.7, 791, 5, 2, 2948, 15663);

-- Dummy Data: Nights - 50 available nights per room
INSERT IGNORE INTO nights (id, room_id, avail_date, rate) 
VALUES (1, 1, '2018-08-01', 21479),
(2, 1, '2018-05-12', 23321),
(3, 1, '2018-06-26', 29529),
(4, 1, '2018-07-17', 24406),
(5, 1, '2018-07-13', 5961),
(6, 1, '2018-07-09', 4176),
(7, 1, '2018-07-03', 14674),
(8, 1, '2018-08-03', 4524),
(9, 1, '2018-08-16', 33020),
(10, 1, '2018-08-15', 25715),
(11, 1, '2018-08-30', 21649),
(12, 1, '2018-07-26', 16733),
(13, 1, '2018-08-10', 10284),
(14, 1, '2018-08-13', 4160),
(15, 1, '2018-08-04', 5472),
(16, 1, '2018-08-01', 25703),
(17, 1, '2018-08-10', 6752),
(18, 1, '2018-07-13', 34565),
(19, 1, '2018-08-20', 33098),
(20, 1, '2018-08-26', 7398),
(21, 1, '2018-08-30', 18819),
(22, 1, '2018-07-21', 15960),
(23, 1, '2018-08-13', 16313),
(24, 1, '2018-07-15', 8537),
(25, 1, '2018-08-08', 18607),
(26, 1, '2018-07-29', 24150),
(27, 1, '2018-06-28', 3821),
(28, 1, '2018-08-12', 15859),
(29, 1, '2018-08-05', 34576),
(30, 1, '2018-08-01', 13264),
(31, 1, '2018-08-06', 3816),
(32, 1, '2018-06-23', 32656),
(33, 1, '2018-08-19', 4586),
(34, 1, '2018-08-13', 14151),
(35, 1, '2018-06-27', 30001),
(36, 1, '2018-08-08', 33050),
(37, 1, '2018-08-01', 11796),
(38, 1, '2018-08-01', 23586),
(39, 1, '2018-08-13', 11893),
(40, 1, '2018-06-30', 29746),
(41, 1, '2018-07-30', 3370),
(42, 1, '2018-07-11', 30472),
(43, 1, '2018-08-01', 32890),
(44, 1, '2018-08-27', 19070),
(45, 1, '2018-06-20', 20598),
(46, 1, '2018-08-18', 19955),
(47, 1, '2018-08-08', 11897),
(48, 1, '2018-07-24', 26396),
(49, 1, '2018-08-08', 7955),
(50, 1, '2018-08-06', 7513),
(51, 2, '2018-08-28', 16704),
(52, 2, '2018-06-23', 32554),
(53, 2, '2018-08-22', 24620),
(54, 2, '2018-07-17', 23771),
(55, 2, '2018-08-12', 23826),
(56, 2, '2018-07-18', 11882),
(57, 2, '2018-08-12', 11276),
(58, 2, '2018-08-30', 27070),
(59, 2, '2018-08-19', 16000),
(60, 2, '2018-07-08', 29797),
(61, 2, '2018-07-21', 12738),
(62, 2, '2018-08-05', 33725),
(63, 2, '2018-07-14', 19826),
(64, 2, '2018-08-02', 30520),
(65, 2, '2018-08-09', 25593),
(66, 2, '2018-07-26', 29837),
(67, 2, '2018-08-06', 15714),
(68, 2, '2018-08-16', 5969),
(69, 2, '2018-08-19', 9561),
(70, 2, '2018-07-02', 10545),
(71, 2, '2018-07-28', 21165),
(72, 2, '2018-08-22', 24898),
(73, 2, '2018-08-01', 5033),
(74, 2, '2018-07-11', 17985),
(75, 2, '2018-08-13', 6773),
(76, 2, '2018-07-03', 17891),
(77, 2, '2018-08-29', 16722),
(78, 2, '2018-08-23', 23310),
(79, 2, '2018-08-07', 33811),
(80, 2, '2018-07-17', 27537),
(81, 2, '2018-07-19', 23946),
(82, 2, '2018-08-21', 33662),
(83, 2, '2018-07-15', 27770),
(84, 2, '2018-08-08', 28654),
(85, 2, '2018-08-09', 34896),
(86, 2, '2018-07-19', 10902),
(87, 2, '2018-08-23', 16543),
(88, 2, '2018-08-21', 19597),
(89, 2, '2018-06-23', 11218),
(90, 2, '2018-08-19', 22347),
(91, 2, '2018-07-12', 19420),
(92, 2, '2018-07-17', 34719),
(93, 2, '2018-08-01', 6169),
(94, 2, '2018-08-10', 19786),
(95, 2, '2018-06-29', 29836),
(96, 2, '2018-08-31', 9902),
(97, 2, '2018-07-31', 17748),
(98, 2, '2018-08-21', 28072),
(99, 2, '2018-07-18', 10353),
(100, 2, '2018-07-03', 8479),
(101, 3, '2018-07-27', 31135),
(102, 3, '2018-08-15', 29091),
(103, 3, '2018-08-23', 10620),
(104, 3, '2018-08-19', 19656),
(105, 3, '2018-06-15', 7390),
(106, 3, '2018-08-24', 27139),
(107, 3, '2018-08-14', 8977),
(108, 3, '2018-06-12', 8391),
(109, 3, '2018-08-13', 22263),
(110, 3, '2018-08-27', 32614),
(111, 3, '2018-08-14', 21214),
(112, 3, '2018-08-01', 23414),
(113, 3, '2018-08-30', 22063),
(114, 3, '2018-08-10', 18385),
(115, 3, '2018-07-01', 34608),
(116, 3, '2018-07-28', 31964),
(117, 3, '2018-06-24', 14963),
(118, 3, '2018-07-07', 20988),
(119, 3, '2018-08-26', 9211),
(120, 3, '2018-08-28', 11713),
(121, 3, '2018-07-01', 7467),
(122, 3, '2018-06-23', 19797),
(123, 3, '2018-07-22', 14493),
(124, 3, '2018-06-18', 25048),
(125, 3, '2018-06-27', 16858),
(126, 3, '2018-08-12', 8761),
(127, 3, '2018-08-15', 8930),
(128, 3, '2018-07-20', 8141),
(129, 3, '2018-08-01', 32873),
(130, 3, '2018-08-15', 20221),
(131, 3, '2018-07-16', 9443),
(132, 3, '2018-08-05', 27609),
(133, 3, '2018-06-12', 25779),
(134, 3, '2018-08-18', 19020),
(135, 3, '2018-07-13', 17316),
(136, 3, '2018-08-10', 5631),
(137, 3, '2018-08-30', 29826),
(138, 3, '2018-07-12', 8873),
(139, 3, '2018-06-23', 5261),
(140, 3, '2018-06-16', 20413),
(141, 3, '2018-08-06', 20144),
(142, 3, '2018-08-11', 26684),
(143, 3, '2018-08-23', 26479),
(144, 3, '2018-08-14', 32196),
(145, 3, '2018-08-10', 8493),
(146, 3, '2018-08-21', 8254),
(147, 3, '2018-08-19', 12216),
(148, 3, '2018-07-11', 17928),
(149, 3, '2018-08-01', 9848),
(150, 3, '2018-08-24', 7430),
(151, 4, '2018-08-07', 13914),
(152, 4, '2018-08-23', 18841),
(153, 4, '2018-06-20', 19206),
(154, 4, '2018-08-13', 31174),
(155, 4, '2018-08-28', 9355),
(156, 4, '2018-08-04', 23313),
(157, 4, '2018-07-15', 10871),
(158, 4, '2018-07-25', 29988),
(159, 4, '2018-07-21', 18922),
(160, 4, '2018-08-05', 33668),
(161, 4, '2018-08-01', 5286),
(162, 4, '2018-06-24', 28315),
(163, 4, '2018-06-22', 3375),
(164, 4, '2018-06-22', 20412),
(165, 4, '2018-08-30', 34719),
(166, 4, '2018-08-25', 7191),
(167, 4, '2018-06-26', 33310),
(168, 4, '2018-06-22', 17983),
(169, 4, '2018-08-10', 7121),
(170, 4, '2018-08-25', 18946),
(171, 4, '2018-08-18', 24657),
(172, 4, '2018-08-31', 27109),
(173, 4, '2018-08-26', 4635),
(174, 4, '2018-06-24', 33480),
(175, 4, '2018-08-19', 3482),
(176, 4, '2018-07-06', 30497),
(177, 4, '2018-07-20', 21302),
(178, 4, '2018-06-25', 9150),
(179, 4, '2018-08-07', 26768),
(180, 4, '2018-06-20', 25840),
(181, 4, '2018-07-05', 21926),
(182, 4, '2018-08-07', 29703),
(183, 4, '2018-06-26', 22383),
(184, 4, '2018-08-10', 34423),
(185, 4, '2018-07-31', 7983),
(186, 4, '2018-08-04', 30627),
(187, 4, '2018-08-01', 31845),
(188, 4, '2018-08-04', 8293),
(189, 4, '2018-08-19', 17181),
(190, 4, '2018-06-21', 6926),
(191, 4, '2018-08-04', 12746),
(192, 4, '2018-08-02', 13336),
(193, 4, '2018-08-18', 22444),
(194, 4, '2018-07-02', 34065),
(195, 4, '2018-07-02', 9168),
(196, 4, '2018-08-06', 24733),
(197, 4, '2018-07-12', 18066),
(198, 4, '2018-08-30', 14008),
(199, 4, '2018-07-16', 31632),
(200, 4, '2018-08-31', 29785),
(201, 5, '2018-07-11', 22192),
(202, 5, '2018-08-13', 26554),
(203, 5, '2018-07-06', 29004),
(204, 5, '2018-08-05', 14035),
(205, 5, '2018-07-30', 13210),
(206, 5, '2018-08-05', 15828),
(207, 5, '2018-08-27', 24422),
(208, 5, '2018-07-22', 23189),
(209, 5, '2018-08-09', 20911),
(210, 5, '2018-07-02', 23252),
(211, 5, '2018-08-05', 4325),
(212, 5, '2018-07-01', 11682),
(213, 5, '2018-08-09', 32718),
(214, 5, '2018-06-12', 4487),
(215, 5, '2018-08-29', 13633),
(216, 5, '2018-06-24', 6368),
(217, 5, '2018-06-28', 7806),
(218, 5, '2018-08-05', 4194),
(219, 5, '2018-07-06', 16587),
(220, 5, '2018-07-03', 3360),
(221, 5, '2018-08-21', 18991),
(222, 5, '2018-07-13', 5648),
(223, 5, '2018-08-18', 15576),
(224, 5, '2018-08-06', 13389),
(225, 5, '2018-06-15', 13902),
(226, 5, '2018-08-10', 11535),
(227, 5, '2018-08-14', 29246),
(228, 5, '2018-08-20', 28104),
(229, 5, '2018-08-23', 24881),
(230, 5, '2018-08-13', 18890),
(231, 5, '2018-08-23', 27021),
(232, 5, '2018-08-01', 8748),
(233, 5, '2018-08-24', 23413),
(234, 5, '2018-07-06', 33420),
(235, 5, '2018-06-16', 26863),
(236, 5, '2018-07-12', 9528),
(237, 5, '2018-08-25', 20242),
(238, 5, '2018-08-25', 8846),
(239, 5, '2018-08-02', 16608),
(240, 5, '2018-06-28', 3039),
(241, 5, '2018-08-11', 11200),
(242, 5, '2018-08-17', 27395),
(243, 5, '2018-07-18', 5278),
(244, 5, '2018-06-13', 17275),
(245, 5, '2018-08-09', 14173),
(246, 5, '2018-07-10', 30740),
(247, 5, '2018-07-05', 16747),
(248, 5, '2018-08-05', 9086),
(249, 5, '2018-08-24', 28765),
(250, 5, '2018-06-23', 31068),
(251, 6, '2018-06-20', 18193),
(252, 6, '2018-08-23', 32390),
(253, 6, '2018-06-29', 27669),
(254, 6, '2018-08-05', 12984),
(255, 6, '2018-08-04', 26428),
(256, 6, '2018-08-03', 15562),
(257, 6, '2018-08-06', 18779),
(258, 6, '2018-07-21', 33409),
(259, 6, '2018-08-04', 32616),
(260, 6, '2018-08-04', 14688),
(261, 6, '2018-07-30', 4210),
(262, 6, '2018-08-21', 6706),
(263, 6, '2018-08-10', 15998),
(264, 6, '2018-06-18', 28058),
(265, 6, '2018-07-24', 25104),
(266, 6, '2018-08-16', 19768),
(267, 6, '2018-06-20', 7577),
(268, 6, '2018-08-02', 34392),
(269, 6, '2018-08-05', 31515),
(270, 6, '2018-07-27', 30028),
(271, 6, '2018-08-10', 11901),
(272, 6, '2018-08-03', 29958),
(273, 6, '2018-08-09', 11830),
(274, 6, '2018-06-18', 33959),
(275, 6, '2018-08-10', 15855),
(276, 6, '2018-06-26', 27514),
(277, 6, '2018-07-17', 7680),
(278, 6, '2018-08-01', 18615),
(279, 6, '2018-06-19', 8975),
(280, 6, '2018-08-12', 18296),
(281, 6, '2018-07-02', 26772),
(282, 6, '2018-06-19', 6287),
(283, 6, '2018-07-16', 18955),
(284, 6, '2018-06-30', 33239),
(285, 6, '2018-07-12', 6989),
(286, 6, '2018-08-28', 15404),
(287, 6, '2018-08-13', 21524),
(288, 6, '2018-06-28', 9364),
(289, 6, '2018-07-10', 23766),
(290, 6, '2018-08-04', 3859),
(291, 6, '2018-08-09', 32855),
(292, 6, '2018-08-15', 15847),
(293, 6, '2018-08-01', 20301),
(294, 6, '2018-08-27', 13228),
(295, 6, '2018-08-08', 6222),
(296, 6, '2018-08-26', 26550),
(297, 6, '2018-08-09', 21657),
(298, 6, '2018-07-05', 22344),
(299, 6, '2018-08-10', 14306),
(300, 6, '2018-07-14', 13739),
(301, 7, '2018-06-30', 20437),
(302, 7, '2018-07-29', 7416),
(303, 7, '2018-08-14', 24778),
(304, 7, '2018-08-01', 16509),
(305, 7, '2018-08-27', 21640),
(306, 7, '2018-07-13', 34008),
(307, 7, '2018-08-08', 9081),
(308, 7, '2018-07-04', 12501),
(309, 7, '2018-08-28', 13140),
(310, 7, '2018-06-18', 26528),
(311, 7, '2018-08-05', 28359),
(312, 7, '2018-08-01', 27842),
(313, 7, '2018-08-29', 34542),
(314, 7, '2018-08-26', 29015),
(315, 7, '2018-07-12', 8400),
(316, 7, '2018-08-04', 25586),
(317, 7, '2018-06-12', 32526),
(318, 7, '2018-08-28', 14719),
(319, 7, '2018-08-11', 12027),
(320, 7, '2018-08-06', 31881),
(321, 7, '2018-07-12', 15409),
(322, 7, '2018-08-24', 26587),
(323, 7, '2018-08-20', 3297),
(324, 7, '2018-07-13', 33326),
(325, 7, '2018-08-02', 7030),
(326, 7, '2018-08-20', 31464),
(327, 7, '2018-07-22', 25638),
(328, 7, '2018-07-15', 21406),
(329, 7, '2018-08-15', 6379),
(330, 7, '2018-07-13', 28378),
(331, 7, '2018-07-04', 16670),
(332, 7, '2018-08-10', 11687),
(333, 7, '2018-08-23', 12724),
(334, 7, '2018-06-28', 21094),
(335, 7, '2018-08-29', 17054),
(336, 7, '2018-07-17', 22449),
(337, 7, '2018-08-07', 12727),
(338, 7, '2018-08-17', 4861),
(339, 7, '2018-08-18', 19904),
(340, 7, '2018-06-24', 23140),
(341, 7, '2018-06-20', 19804),
(342, 7, '2018-08-04', 20556),
(343, 7, '2018-08-29', 6870),
(344, 7, '2018-08-08', 25773),
(345, 7, '2018-06-12', 13942),
(346, 7, '2018-08-16', 27839),
(347, 7, '2018-08-30', 34264),
(348, 7, '2018-08-25', 6896),
(349, 7, '2018-06-18', 19095),
(350, 7, '2018-06-16', 7796),
(351, 8, '2018-06-25', 10595),
(352, 8, '2018-08-05', 29211),
(353, 8, '2018-08-01', 13557),
(354, 8, '2018-08-14', 11260),
(355, 8, '2018-06-26', 3157),
(356, 8, '2018-07-31', 16726),
(357, 8, '2018-08-01', 32202),
(358, 8, '2018-08-16', 21072),
(359, 8, '2018-08-17', 26564),
(360, 8, '2018-06-23', 8950),
(361, 8, '2018-08-10', 20680),
(362, 8, '2018-06-24', 25107),
(363, 8, '2018-06-18', 7935),
(364, 8, '2018-06-17', 7237),
(365, 8, '2018-08-04', 26693),
(366, 8, '2018-08-08', 18979),
(367, 8, '2018-08-30', 12598),
(368, 8, '2018-08-02', 26223),
(369, 8, '2018-08-01', 11063),
(370, 8, '2018-08-22', 19757),
(371, 8, '2018-07-21', 13670),
(372, 8, '2018-08-06', 21595),
(373, 8, '2018-07-22', 21408),
(374, 8, '2018-08-23', 22872),
(375, 8, '2018-08-07', 20850),
(376, 8, '2018-07-17', 33355),
(377, 8, '2018-07-30', 32939),
(378, 8, '2018-08-02', 27752),
(379, 8, '2018-07-14', 32018),
(380, 8, '2018-07-25', 18585),
(381, 8, '2018-08-13', 12004),
(382, 8, '2018-07-09', 6725),
(383, 8, '2018-08-10', 23100),
(384, 8, '2018-08-27', 27353),
(385, 8, '2018-06-16', 22665),
(386, 8, '2018-08-14', 21528),
(387, 8, '2018-06-28', 8578),
(388, 8, '2018-08-11', 31820),
(389, 8, '2018-08-29', 17116),
(390, 8, '2018-08-11', 25205),
(391, 8, '2018-08-13', 29865),
(392, 8, '2018-07-14', 5510),
(393, 8, '2018-08-03', 4104),
(394, 8, '2018-08-28', 4342),
(395, 8, '2018-07-21', 4975),
(396, 8, '2018-06-28', 33094),
(397, 8, '2018-08-04', 3615),
(398, 8, '2018-07-16', 25512),
(399, 8, '2018-07-16', 7875),
(400, 8, '2018-06-28', 13020),
(401, 9, '2018-08-06', 25690),
(402, 9, '2018-08-05', 18695),
(403, 9, '2018-08-20', 16162),
(404, 9, '2018-07-09', 22964),
(405, 9, '2018-08-09', 11539),
(406, 9, '2018-07-29', 18178),
(407, 9, '2018-08-26', 23432),
(408, 9, '2018-08-24', 16165),
(409, 9, '2018-06-18', 33553),
(410, 9, '2018-08-28', 9617),
(411, 9, '2018-07-12', 23607),
(412, 9, '2018-08-27', 19395),
(413, 9, '2018-06-14', 21336),
(414, 9, '2018-06-25', 30594),
(415, 9, '2018-08-01', 7660),
(416, 9, '2018-06-13', 20206),
(417, 9, '2018-06-28', 34475),
(418, 9, '2018-08-03', 18160),
(419, 9, '2018-08-29', 34895),
(420, 9, '2018-07-21', 25361),
(421, 9, '2018-07-27', 26402),
(422, 9, '2018-08-27', 28449),
(423, 9, '2018-08-15', 16937),
(424, 9, '2018-07-20', 9948),
(425, 9, '2018-08-05', 15380),
(426, 9, '2018-07-14', 9026),
(427, 9, '2018-06-28', 30787),
(428, 9, '2018-07-02', 26393),
(429, 9, '2018-08-25', 26812),
(430, 9, '2018-06-23', 34611),
(431, 9, '2018-07-26', 4557),
(432, 9, '2018-07-12', 31619),
(433, 9, '2018-08-10', 17895),
(434, 9, '2018-07-21', 8487),
(435, 9, '2018-07-17', 14373),
(436, 9, '2018-07-21', 6874),
(437, 9, '2018-08-26', 28958),
(438, 9, '2018-07-02', 32318),
(439, 9, '2018-08-04', 23657),
(440, 9, '2018-08-29', 21968),
(441, 9, '2018-08-03', 6965),
(442, 9, '2018-08-25', 33914),
(443, 9, '2018-08-21', 22726),
(444, 9, '2018-08-27', 12213),
(445, 9, '2018-07-27', 32127),
(446, 9, '2018-07-06', 5321),
(447, 9, '2018-08-07', 10914),
(448, 9, '2018-07-09', 18552),
(449, 9, '2018-06-15', 10965),
(450, 9, '2018-07-23', 31198),
(451, 10, '2018-08-06', 13407),
(452, 10, '2018-08-02', 15706),
(453, 10, '2018-06-30', 23959),
(454, 10, '2018-07-21', 21195),
(455, 10, '2018-07-15', 8350),
(456, 10, '2018-08-20', 29031),
(457, 10, '2018-08-05', 26485),
(458, 10, '2018-08-06', 16895),
(459, 10, '2018-08-22', 27496),
(460, 10, '2018-08-10', 8572),
(461, 10, '2018-08-06', 24243),
(462, 10, '2018-07-05', 28393),
(463, 10, '2018-08-30', 16626),
(464, 10, '2018-08-28', 8601),
(465, 10, '2018-07-16', 4500),
(466, 10, '2018-08-23', 19619),
(467, 10, '2018-08-07', 24394),
(468, 10, '2018-08-23', 34901),
(469, 10, '2018-08-06', 8252),
(470, 10, '2018-08-05', 19223),
(471, 10, '2018-06-28', 9347),
(472, 10, '2018-07-06', 21531),
(473, 10, '2018-08-01', 7622),
(474, 10, '2018-06-16', 27810),
(475, 10, '2018-07-05', 8820),
(476, 10, '2018-06-19', 17092),
(477, 10, '2018-07-17', 29264),
(478, 10, '2018-08-22', 6552),
(479, 10, '2018-07-22', 17153),
(480, 10, '2018-08-18', 31706),
(481, 10, '2018-08-07', 33759),
(482, 10, '2018-08-16', 22238),
(483, 10, '2018-07-17', 28061),
(484, 10, '2018-07-25', 16736),
(485, 10, '2018-08-16', 25837),
(486, 10, '2018-08-24', 10168),
(487, 10, '2018-08-16', 22691),
(488, 10, '2018-08-03', 3473),
(489, 10, '2018-06-17', 21230),
(490, 10, '2018-08-25', 31634),
(491, 10, '2018-06-26', 30886),
(492, 10, '2018-08-01', 13396),
(493, 10, '2018-07-23', 31714),
(494, 10, '2018-07-09', 14533),
(495, 10, '2018-08-21', 14032),
(496, 10, '2018-08-04', 6157),
(497, 10, '2018-06-16', 18223),
(498, 10, '2018-08-18', 21617),
(499, 10, '2018-08-20', 6269),
(500, 10, '2018-07-05', 14017),
(501, 11, '2018-08-08', 13156),
(502, 11, '2018-08-05', 17970),
(503, 11, '2018-07-08', 34854),
(504, 11, '2018-08-17', 19860),
(505, 11, '2018-08-04', 7908),
(506, 11, '2018-07-02', 20136),
(507, 11, '2018-08-06', 33432),
(508, 11, '2018-08-31', 5746),
(509, 11, '2018-08-15', 8926),
(510, 11, '2018-08-07', 9029),
(511, 11, '2018-07-17', 21679),
(512, 11, '2018-07-28', 13085),
(513, 11, '2018-07-21', 10188),
(514, 11, '2018-07-25', 7083),
(515, 11, '2018-08-21', 30206),
(516, 11, '2018-08-02', 17396),
(517, 11, '2018-07-17', 17739),
(518, 11, '2018-08-13', 22492),
(519, 11, '2018-08-08', 23161),
(520, 11, '2018-08-19', 10258),
(521, 11, '2018-08-01', 19145),
(522, 11, '2018-08-22', 18930),
(523, 11, '2018-08-03', 23089),
(524, 11, '2018-08-09', 16086),
(525, 11, '2018-08-29', 17534),
(526, 11, '2018-06-27', 32852),
(527, 11, '2018-07-17', 24828),
(528, 11, '2018-08-28', 10349),
(529, 11, '2018-06-18', 27986),
(530, 11, '2018-07-23', 24880),
(531, 11, '2018-07-16', 24623),
(532, 11, '2018-07-25', 28683),
(533, 11, '2018-06-17', 13050),
(534, 11, '2018-07-06', 19119),
(535, 11, '2018-08-16', 20524),
(536, 11, '2018-08-30', 9777),
(537, 11, '2018-08-15', 11335),
(538, 11, '2018-08-20', 29535),
(539, 11, '2018-07-19', 14583),
(540, 11, '2018-06-30', 6060),
(541, 11, '2018-06-21', 6500),
(542, 11, '2018-06-28', 3848),
(543, 11, '2018-08-31', 22979),
(544, 11, '2018-07-09', 12020),
(545, 11, '2018-08-16', 15794),
(546, 11, '2018-08-23', 6591),
(547, 11, '2018-08-10', 17740),
(548, 11, '2018-08-08', 33620),
(549, 11, '2018-08-03', 19583),
(550, 11, '2018-07-11', 12077),
(551, 12, '2018-08-22', 17994),
(552, 12, '2018-08-14', 13624),
(553, 12, '2018-07-12', 12964),
(554, 12, '2018-07-19', 20697),
(555, 12, '2018-08-12', 34175),
(556, 12, '2018-06-19', 16462),
(557, 12, '2018-07-15', 9336),
(558, 12, '2018-07-06', 11336),
(559, 12, '2018-08-04', 4688),
(560, 12, '2018-08-31', 7071),
(561, 12, '2018-07-17', 21650),
(562, 12, '2018-08-13', 22120),
(563, 12, '2018-08-25', 11716),
(564, 12, '2018-08-13', 12240),
(565, 12, '2018-08-23', 9703),
(566, 12, '2018-08-05', 27759),
(567, 12, '2018-07-30', 21824),
(568, 12, '2018-07-30', 17536),
(569, 12, '2018-07-13', 16442),
(570, 12, '2018-08-08', 11520),
(571, 12, '2018-07-30', 16059),
(572, 12, '2018-07-11', 8453),
(573, 12, '2018-07-05', 31646),
(574, 12, '2018-08-12', 33344),
(575, 12, '2018-08-01', 23225),
(576, 12, '2018-07-21', 24597),
(577, 12, '2018-07-21', 8444),
(578, 12, '2018-07-07', 15840),
(579, 12, '2018-08-11', 34416),
(580, 12, '2018-07-21', 9414),
(581, 12, '2018-08-15', 26069),
(582, 12, '2018-08-23', 33798),
(583, 12, '2018-08-19', 24520),
(584, 12, '2018-06-16', 24664),
(585, 12, '2018-06-17', 33678),
(586, 12, '2018-07-10', 24616),
(587, 12, '2018-08-11', 26780),
(588, 12, '2018-07-08', 23820),
(589, 12, '2018-08-01', 14919),
(590, 12, '2018-07-10', 17596),
(591, 12, '2018-08-24', 14979),
(592, 12, '2018-08-22', 30780),
(593, 12, '2018-08-24', 25064),
(594, 12, '2018-08-14', 7350),
(595, 12, '2018-08-17', 26856),
(596, 12, '2018-06-30', 21294),
(597, 12, '2018-06-25', 34745),
(598, 12, '2018-08-25', 28131),
(599, 12, '2018-08-25', 5703),
(600, 12, '2018-07-23', 19738),
(601, 13, '2018-08-29', 22731),
(602, 13, '2018-07-09', 24859),
(603, 13, '2018-07-18', 4713),
(604, 13, '2018-07-22', 16612),
(605, 13, '2018-08-17', 17578),
(606, 13, '2018-07-16', 18599),
(607, 13, '2018-06-28', 31247),
(608, 13, '2018-08-01', 24667),
(609, 13, '2018-07-09', 11495),
(610, 13, '2018-06-14', 28561),
(611, 13, '2018-08-01', 26465),
(612, 13, '2018-07-25', 13911),
(613, 13, '2018-06-16', 26889),
(614, 13, '2018-08-11', 9836),
(615, 13, '2018-08-19', 18447),
(616, 13, '2018-08-25', 22044),
(617, 13, '2018-08-07', 29402),
(618, 13, '2018-07-08', 4113),
(619, 13, '2018-07-28', 4335),
(620, 13, '2018-07-26', 27792),
(621, 13, '2018-08-27', 21263),
(622, 13, '2018-08-25', 32474),
(623, 13, '2018-07-15', 7921),
(624, 13, '2018-07-22', 18866),
(625, 13, '2018-08-22', 6276),
(626, 13, '2018-06-28', 11583),
(627, 13, '2018-08-26', 7645),
(628, 13, '2018-08-01', 33454),
(629, 13, '2018-07-10', 33697),
(630, 13, '2018-08-06', 34381),
(631, 13, '2018-08-03', 5694),
(632, 13, '2018-07-21', 22998),
(633, 13, '2018-06-22', 19957),
(634, 13, '2018-06-13', 28705),
(635, 13, '2018-06-17', 5604),
(636, 13, '2018-08-14', 25097),
(637, 13, '2018-06-15', 7946),
(638, 13, '2018-08-11', 29021),
(639, 13, '2018-07-12', 13789),
(640, 13, '2018-07-09', 4986),
(641, 13, '2018-08-30', 16458),
(642, 13, '2018-07-09', 28810),
(643, 13, '2018-06-22', 4389),
(644, 13, '2018-08-03', 9614),
(645, 13, '2018-08-29', 33003),
(646, 13, '2018-06-24', 23654),
(647, 13, '2018-07-01', 16186),
(648, 13, '2018-08-05', 34887),
(649, 13, '2018-08-31', 22515),
(650, 13, '2018-08-18', 8191),
(651, 14, '2018-07-10', 34287),
(652, 14, '2018-08-10', 4672),
(653, 14, '2018-07-14', 24049),
(654, 14, '2018-07-01', 23263),
(655, 14, '2018-07-06', 8940),
(656, 14, '2018-06-15', 20524),
(657, 14, '2018-06-18', 9792),
(658, 14, '2018-07-05', 27728),
(659, 14, '2018-08-17', 31907),
(660, 14, '2018-08-04', 21242),
(661, 14, '2018-06-21', 21634),
(662, 14, '2018-07-24', 15397),
(663, 14, '2018-06-20', 19781),
(664, 14, '2018-07-22', 31103),
(665, 14, '2018-06-24', 16290),
(666, 14, '2018-08-20', 27619),
(667, 14, '2018-07-21', 22425),
(668, 14, '2018-08-20', 9101),
(669, 14, '2018-07-17', 27557),
(670, 14, '2018-08-01', 28560),
(671, 14, '2018-07-12', 31588),
(672, 14, '2018-06-27', 18522),
(673, 14, '2018-08-28', 21320),
(674, 14, '2018-06-12', 28235),
(675, 14, '2018-08-15', 9561),
(676, 14, '2018-06-23', 11104),
(677, 14, '2018-08-30', 10946),
(678, 14, '2018-07-05', 30650),
(679, 14, '2018-08-22', 12509),
(680, 14, '2018-08-24', 4876),
(681, 14, '2018-08-27', 33545),
(682, 14, '2018-07-01', 26288),
(683, 14, '2018-08-30', 25377),
(684, 14, '2018-07-21', 13608),
(685, 14, '2018-07-25', 25091),
(686, 14, '2018-08-21', 9360),
(687, 14, '2018-07-31', 32222),
(688, 14, '2018-08-09', 16930),
(689, 14, '2018-08-12', 11516),
(690, 14, '2018-08-01', 14921),
(691, 14, '2018-08-09', 25211),
(692, 14, '2018-07-05', 12590),
(693, 14, '2018-08-13', 17337),
(694, 14, '2018-06-13', 32576),
(695, 14, '2018-08-07', 33833),
(696, 14, '2018-07-20', 32236),
(697, 14, '2018-07-01', 24303),
(698, 14, '2018-08-06', 13986),
(699, 14, '2018-07-16', 26413),
(700, 14, '2018-08-21', 21338),
(701, 15, '2018-08-23', 11489),
(702, 15, '2018-07-20', 9786),
(703, 15, '2018-06-16', 18625),
(704, 15, '2018-08-11', 30378),
(705, 15, '2018-07-11', 3524),
(706, 15, '2018-06-21', 5774),
(707, 15, '2018-07-13', 24512),
(708, 15, '2018-06-29', 10727),
(709, 15, '2018-07-03', 28582),
(710, 15, '2018-08-27', 10756),
(711, 15, '2018-08-09', 9263),
(712, 15, '2018-08-26', 16385),
(713, 15, '2018-08-20', 3938),
(714, 15, '2018-08-25', 3053),
(715, 15, '2018-06-24', 19054),
(716, 15, '2018-07-02', 4242),
(717, 15, '2018-06-18', 15430),
(718, 15, '2018-06-14', 12173),
(719, 15, '2018-06-28', 12796),
(720, 15, '2018-06-28', 14885),
(721, 15, '2018-08-13', 25915),
(722, 15, '2018-08-01', 14890),
(723, 15, '2018-07-12', 8401),
(724, 15, '2018-07-20', 13460),
(725, 15, '2018-08-01', 20516),
(726, 15, '2018-08-01', 32661),
(727, 15, '2018-08-04', 31475),
(728, 15, '2018-07-28', 34496),
(729, 15, '2018-08-29', 3382),
(730, 15, '2018-08-22', 25082),
(731, 15, '2018-08-01', 10302),
(732, 15, '2018-06-29', 21439),
(733, 15, '2018-07-27', 24291),
(734, 15, '2018-08-17', 11799),
(735, 15, '2018-06-23', 23791),
(736, 15, '2018-06-22', 29014),
(737, 15, '2018-08-30', 5894),
(738, 15, '2018-08-05', 29272),
(739, 15, '2018-08-09', 13623),
(740, 15, '2018-07-24', 21941),
(741, 15, '2018-08-12', 22758),
(742, 15, '2018-07-14', 10922),
(743, 15, '2018-08-22', 7133),
(744, 15, '2018-08-28', 30801),
(745, 15, '2018-08-22', 30508),
(746, 15, '2018-08-02', 28005),
(747, 15, '2018-08-18', 8525),
(748, 15, '2018-07-31', 27620),
(749, 15, '2018-07-26', 30553),
(750, 15, '2018-07-27', 29286),
(751, 16, '2018-06-25', 30601),
(752, 16, '2018-07-09', 28664),
(753, 16, '2018-08-06', 19198),
(754, 16, '2018-08-21', 18941),
(755, 16, '2018-07-03', 28954),
(756, 16, '2018-07-20', 17615),
(757, 16, '2018-08-12', 24492),
(758, 16, '2018-07-21', 31739),
(759, 16, '2018-08-24', 34002),
(760, 16, '2018-06-28', 9543),
(761, 16, '2018-08-27', 25669),
(762, 16, '2018-07-20', 11477),
(763, 16, '2018-06-14', 11050),
(764, 16, '2018-07-09', 24540),
(765, 16, '2018-06-15', 19363),
(766, 16, '2018-07-21', 14799),
(767, 16, '2018-08-30', 23755),
(768, 16, '2018-07-23', 18181),
(769, 16, '2018-07-19', 26398),
(770, 16, '2018-08-08', 33993),
(771, 16, '2018-06-18', 27474),
(772, 16, '2018-06-14', 34694),
(773, 16, '2018-08-14', 22895),
(774, 16, '2018-08-14', 32608),
(775, 16, '2018-07-11', 26660),
(776, 16, '2018-08-17', 12244),
(777, 16, '2018-08-20', 5406),
(778, 16, '2018-08-26', 12480),
(779, 16, '2018-08-11', 18409),
(780, 16, '2018-07-16', 6769),
(781, 16, '2018-08-19', 27663),
(782, 16, '2018-07-06', 30477),
(783, 16, '2018-07-13', 31992),
(784, 16, '2018-08-26', 29569),
(785, 16, '2018-08-06', 25542),
(786, 16, '2018-08-27', 17949),
(787, 16, '2018-08-01', 11253),
(788, 16, '2018-08-19', 34397),
(789, 16, '2018-06-22', 9079),
(790, 16, '2018-06-26', 6376),
(791, 16, '2018-08-01', 22761),
(792, 16, '2018-07-29', 34060),
(793, 16, '2018-08-24', 20894),
(794, 16, '2018-08-23', 29664),
(795, 16, '2018-06-23', 14964),
(796, 16, '2018-08-09', 9698),
(797, 16, '2018-08-21', 18336),
(798, 16, '2018-06-21', 19278),
(799, 16, '2018-08-27', 25157),
(800, 16, '2018-07-18', 21552),
(801, 17, '2018-08-11', 14838),
(802, 17, '2018-07-04', 7440),
(803, 17, '2018-08-18', 21406),
(804, 17, '2018-07-08', 17229),
(805, 17, '2018-08-07', 8458),
(806, 17, '2018-07-02', 15226),
(807, 17, '2018-06-19', 22265),
(808, 17, '2018-06-26', 10518),
(809, 17, '2018-06-25', 4347),
(810, 17, '2018-07-07', 18254),
(811, 17, '2018-08-01', 21955),
(812, 17, '2018-08-03', 32830),
(813, 17, '2018-07-02', 34311),
(814, 17, '2018-06-23', 12441),
(815, 17, '2018-06-24', 10626),
(816, 17, '2018-08-09', 27139),
(817, 17, '2018-07-12', 23739),
(818, 17, '2018-07-05', 28945),
(819, 17, '2018-08-24', 21267),
(820, 17, '2018-08-04', 13757),
(821, 17, '2018-07-06', 6287),
(822, 17, '2018-08-14', 28361),
(823, 17, '2018-07-04', 33678),
(824, 17, '2018-08-22', 34259),
(825, 17, '2018-07-10', 34816),
(826, 17, '2018-07-26', 28365),
(827, 17, '2018-06-20', 31916),
(828, 17, '2018-08-08', 27885),
(829, 17, '2018-08-21', 26230),
(830, 17, '2018-08-28', 33608),
(831, 17, '2018-07-21', 12606),
(832, 17, '2018-06-30', 14089),
(833, 17, '2018-08-07', 16599),
(834, 17, '2018-07-25', 21968),
(835, 17, '2018-08-16', 16003),
(836, 17, '2018-08-19', 6138),
(837, 17, '2018-07-19', 33471),
(838, 17, '2018-08-20', 20247),
(839, 17, '2018-07-06', 22253),
(840, 17, '2018-06-23', 30982),
(841, 17, '2018-07-17', 33181),
(842, 17, '2018-07-07', 27431),
(843, 17, '2018-08-15', 31624),
(844, 17, '2018-08-09', 19559),
(845, 17, '2018-08-30', 22882),
(846, 17, '2018-06-12', 24183),
(847, 17, '2018-08-22', 10300),
(848, 17, '2018-08-31', 21439),
(849, 17, '2018-07-30', 12081),
(850, 17, '2018-07-12', 33580),
(851, 18, '2018-08-08', 6096),
(852, 18, '2018-07-16', 9333),
(853, 18, '2018-07-24', 27996),
(854, 18, '2018-08-09', 3311),
(855, 18, '2018-07-20', 8763),
(856, 18, '2018-06-23', 14262),
(857, 18, '2018-07-08', 13556),
(858, 18, '2018-08-02', 19102),
(859, 18, '2018-07-08', 3829),
(860, 18, '2018-06-17', 32943),
(861, 18, '2018-06-24', 6303),
(862, 18, '2018-08-26', 13727),
(863, 18, '2018-08-03', 3236),
(864, 18, '2018-08-31', 10288),
(865, 18, '2018-08-06', 20611),
(866, 18, '2018-06-20', 25632),
(867, 18, '2018-08-14', 4234),
(868, 18, '2018-08-02', 26062),
(869, 18, '2018-08-13', 25247),
(870, 18, '2018-08-11', 30042),
(871, 18, '2018-06-28', 20802),
(872, 18, '2018-06-23', 23287),
(873, 18, '2018-06-13', 31735),
(874, 18, '2018-08-04', 6727),
(875, 18, '2018-08-31', 4439),
(876, 18, '2018-08-04', 21492),
(877, 18, '2018-07-01', 28258),
(878, 18, '2018-06-26', 11451),
(879, 18, '2018-06-29', 23664),
(880, 18, '2018-06-24', 18647),
(881, 18, '2018-08-10', 13649),
(882, 18, '2018-08-05', 25355),
(883, 18, '2018-08-20', 16585),
(884, 18, '2018-08-01', 5559),
(885, 18, '2018-06-13', 6253),
(886, 18, '2018-08-12', 32027),
(887, 18, '2018-07-12', 22328),
(888, 18, '2018-08-30', 12255),
(889, 18, '2018-07-12', 6054),
(890, 18, '2018-08-27', 9368),
(891, 18, '2018-08-15', 7295),
(892, 18, '2018-08-09', 5519),
(893, 18, '2018-07-21', 30234),
(894, 18, '2018-08-07', 24350),
(895, 18, '2018-06-16', 8203),
(896, 18, '2018-08-08', 10752),
(897, 18, '2018-07-13', 10375),
(898, 18, '2018-07-07', 32734),
(899, 18, '2018-06-28', 4938),
(900, 18, '2018-08-04', 12557),
(901, 19, '2018-07-30', 29020),
(902, 19, '2018-07-23', 16467),
(903, 19, '2018-08-30', 27349),
(904, 19, '2018-08-15', 3571),
(905, 19, '2018-08-29', 3545),
(906, 19, '2018-08-10', 25486),
(907, 19, '2018-08-08', 6197),
(908, 19, '2018-08-22', 26010),
(909, 19, '2018-06-14', 3408),
(910, 19, '2018-08-17', 31854),
(911, 19, '2018-07-16', 17606),
(912, 19, '2018-07-12', 22740),
(913, 19, '2018-08-09', 18373),
(914, 19, '2018-08-14', 33211),
(915, 19, '2018-07-23', 22896),
(916, 19, '2018-08-23', 26551),
(917, 19, '2018-08-08', 7709),
(918, 19, '2018-07-06', 3363),
(919, 19, '2018-08-22', 23240),
(920, 19, '2018-07-13', 12581),
(921, 19, '2018-08-05', 27547),
(922, 19, '2018-08-30', 31098),
(923, 19, '2018-06-15', 34158),
(924, 19, '2018-08-24', 14218),
(925, 19, '2018-06-23', 29247),
(926, 19, '2018-08-04', 16768),
(927, 19, '2018-08-06', 12358),
(928, 19, '2018-08-03', 9663),
(929, 19, '2018-08-19', 32941),
(930, 19, '2018-08-14', 25266),
(931, 19, '2018-07-30', 17208),
(932, 19, '2018-07-05', 5825),
(933, 19, '2018-08-09', 21142),
(934, 19, '2018-07-26', 6635),
(935, 19, '2018-07-21', 29031),
(936, 19, '2018-07-14', 15860),
(937, 19, '2018-08-23', 30759),
(938, 19, '2018-08-16', 27518),
(939, 19, '2018-08-26', 19478),
(940, 19, '2018-08-28', 24966),
(941, 19, '2018-08-27', 10772),
(942, 19, '2018-06-18', 34051),
(943, 19, '2018-06-29', 29497),
(944, 19, '2018-08-01', 19293),
(945, 19, '2018-07-05', 22672),
(946, 19, '2018-08-20', 5936),
(947, 19, '2018-06-13', 32928),
(948, 19, '2018-06-24', 30221),
(949, 19, '2018-07-12', 5431),
(950, 19, '2018-08-09', 7156),
(951, 20, '2018-08-07', 16030),
(952, 20, '2018-07-14', 3180),
(953, 20, '2018-07-06', 23840),
(954, 20, '2018-07-05', 9266),
(955, 20, '2018-08-22', 20865),
(956, 20, '2018-08-07', 3951),
(957, 20, '2018-07-31', 13614),
(958, 20, '2018-06-18', 18623),
(959, 20, '2018-06-24', 14177),
(960, 20, '2018-07-21', 32462),
(961, 20, '2018-08-03', 20007),
(962, 20, '2018-08-10', 34445),
(963, 20, '2018-08-25', 9501),
(964, 20, '2018-06-13', 26841),
(965, 20, '2018-07-24', 33579),
(966, 20, '2018-06-17', 16769),
(967, 20, '2018-07-16', 31432),
(968, 20, '2018-08-02', 7221),
(969, 20, '2018-08-19', 28175),
(970, 20, '2018-07-22', 21648),
(971, 20, '2018-08-21', 28024),
(972, 20, '2018-08-07', 5141),
(973, 20, '2018-08-03', 21921),
(974, 20, '2018-06-14', 6242),
(975, 20, '2018-08-01', 10533),
(976, 20, '2018-06-29', 30274),
(977, 20, '2018-08-01', 13278),
(978, 20, '2018-08-05', 18289),
(979, 20, '2018-08-19', 26974),
(980, 20, '2018-07-24', 10083),
(981, 20, '2018-08-28', 6238),
(982, 20, '2018-08-11', 26712),
(983, 20, '2018-06-22', 16269),
(984, 20, '2018-08-01', 11697),
(985, 20, '2018-08-11', 30613),
(986, 20, '2018-07-23', 6857),
(987, 20, '2018-08-28', 3356),
(988, 20, '2018-08-28', 32870),
(989, 20, '2018-08-17', 26358),
(990, 20, '2018-08-08', 19534),
(991, 20, '2018-06-26', 17057),
(992, 20, '2018-06-17', 29349),
(993, 20, '2018-07-12', 24424),
(994, 20, '2018-08-06', 11891),
(995, 20, '2018-07-01', 32257),
(996, 20, '2018-08-30', 4910),
(997, 20, '2018-08-23', 4994),
(998, 20, '2018-08-15', 20385),
(999, 20, '2018-08-11', 26386),
(1000, 20, '2018-08-17', 6065),
(1001, 21, '2018-07-22', 17608),
(1002, 21, '2018-07-27', 28703),
(1003, 21, '2018-07-26', 12241),
(1004, 21, '2018-06-16', 22043),
(1005, 21, '2018-08-09', 25801),
(1006, 21, '2018-06-17', 10806),
(1007, 21, '2018-08-01', 26404),
(1008, 21, '2018-08-07', 32876),
(1009, 21, '2018-08-09', 16159),
(1010, 21, '2018-07-05', 12296),
(1011, 21, '2018-08-01', 15856),
(1012, 21, '2018-07-24', 20528),
(1013, 21, '2018-08-03', 8047),
(1014, 21, '2018-08-21', 13179),
(1015, 21, '2018-08-01', 29955),
(1016, 21, '2018-07-07', 21306),
(1017, 21, '2018-06-24', 8772),
(1018, 21, '2018-07-15', 11296),
(1019, 21, '2018-08-14', 18765),
(1020, 21, '2018-08-29', 7234),
(1021, 21, '2018-08-04', 10961),
(1022, 21, '2018-08-03', 27266),
(1023, 21, '2018-07-07', 28559),
(1024, 21, '2018-08-03', 21156),
(1025, 21, '2018-06-28', 16714),
(1026, 21, '2018-07-13', 13894),
(1027, 21, '2018-07-02', 9961),
(1028, 21, '2018-08-17', 15732),
(1029, 21, '2018-08-08', 8078),
(1030, 21, '2018-08-27', 11940),
(1031, 21, '2018-08-18', 28141),
(1032, 21, '2018-06-22', 13287),
(1033, 21, '2018-08-09', 24436),
(1034, 21, '2018-08-13', 18019),
(1035, 21, '2018-07-23', 27164),
(1036, 21, '2018-07-02', 4897),
(1037, 21, '2018-08-29', 6023),
(1038, 21, '2018-08-21', 28432),
(1039, 21, '2018-07-25', 18406),
(1040, 21, '2018-08-28', 11508),
(1041, 21, '2018-07-31', 6050),
(1042, 21, '2018-08-22', 13627),
(1043, 21, '2018-07-01', 34482),
(1044, 21, '2018-08-24', 32291),
(1045, 21, '2018-08-01', 9480),
(1046, 21, '2018-08-24', 22142),
(1047, 21, '2018-07-25', 30936),
(1048, 21, '2018-06-28', 14656),
(1049, 21, '2018-06-24', 33336),
(1050, 21, '2018-08-11', 12567),
(1051, 22, '2018-07-18', 22878),
(1052, 22, '2018-08-27', 12830),
(1053, 22, '2018-07-22', 16941),
(1054, 22, '2018-07-16', 21882),
(1055, 22, '2018-08-28', 28799),
(1056, 22, '2018-08-28', 22085),
(1057, 22, '2018-06-28', 32806),
(1058, 22, '2018-08-23', 9829),
(1059, 22, '2018-06-18', 16326),
(1060, 22, '2018-07-17', 9657),
(1061, 22, '2018-08-12', 12137),
(1062, 22, '2018-08-21', 32838),
(1063, 22, '2018-06-25', 31569),
(1064, 22, '2018-07-30', 34205),
(1065, 22, '2018-08-04', 5609),
(1066, 22, '2018-07-11', 31475),
(1067, 22, '2018-06-21', 32957),
(1068, 22, '2018-06-13', 34819),
(1069, 22, '2018-07-14', 6763),
(1070, 22, '2018-08-26', 13078),
(1071, 22, '2018-08-03', 18454),
(1072, 22, '2018-08-05', 10252),
(1073, 22, '2018-06-28', 8935),
(1074, 22, '2018-06-17', 33361),
(1075, 22, '2018-08-08', 22419),
(1076, 22, '2018-07-01', 23915),
(1077, 22, '2018-07-07', 6176),
(1078, 22, '2018-07-21', 4599),
(1079, 22, '2018-08-02', 26351),
(1080, 22, '2018-07-21', 14584),
(1081, 22, '2018-07-06', 8929),
(1082, 22, '2018-08-29', 16087),
(1083, 22, '2018-06-20', 16575),
(1084, 22, '2018-08-06', 20469),
(1085, 22, '2018-08-21', 16259),
(1086, 22, '2018-08-20', 21222),
(1087, 22, '2018-08-01', 11403),
(1088, 22, '2018-08-14', 20563),
(1089, 22, '2018-08-12', 4359),
(1090, 22, '2018-08-18', 28064),
(1091, 22, '2018-08-16', 19832),
(1092, 22, '2018-07-16', 28063),
(1093, 22, '2018-06-27', 23038),
(1094, 22, '2018-08-26', 19796),
(1095, 22, '2018-08-12', 25905),
(1096, 22, '2018-08-12', 14471),
(1097, 22, '2018-07-01', 4661),
(1098, 22, '2018-07-05', 26731),
(1099, 22, '2018-08-08', 34779),
(1100, 22, '2018-07-10', 9467),
(1101, 23, '2018-08-05', 3673),
(1102, 23, '2018-08-14', 17719),
(1103, 23, '2018-06-21', 29289),
(1104, 23, '2018-07-26', 5257),
(1105, 23, '2018-08-04', 30728),
(1106, 23, '2018-08-13', 30967),
(1107, 23, '2018-08-05', 22836),
(1108, 23, '2018-08-08', 11730),
(1109, 23, '2018-08-22', 15009),
(1110, 23, '2018-06-26', 4184),
(1111, 23, '2018-06-19', 10832),
(1112, 23, '2018-07-22', 3521),
(1113, 23, '2018-08-23', 31612),
(1114, 23, '2018-06-20', 3315),
(1115, 23, '2018-07-29', 9695),
(1116, 23, '2018-08-05', 4164),
(1117, 23, '2018-08-09', 31643),
(1118, 23, '2018-08-04', 3378),
(1119, 23, '2018-07-16', 6803),
(1120, 23, '2018-08-03', 6120),
(1121, 23, '2018-08-30', 25299),
(1122, 23, '2018-08-28', 7649),
(1123, 23, '2018-06-25', 29852),
(1124, 23, '2018-07-23', 14164),
(1125, 23, '2018-08-29', 15181),
(1126, 23, '2018-08-11', 30396),
(1127, 23, '2018-08-11', 4715),
(1128, 23, '2018-06-14', 30609),
(1129, 23, '2018-06-29', 12824),
(1130, 23, '2018-06-24', 33573),
(1131, 23, '2018-07-15', 21518),
(1132, 23, '2018-08-13', 20707),
(1133, 23, '2018-08-25', 20316),
(1134, 23, '2018-08-31', 32048),
(1135, 23, '2018-07-21', 30077),
(1136, 23, '2018-08-07', 19860),
(1137, 23, '2018-07-23', 12389),
(1138, 23, '2018-08-01', 29260),
(1139, 23, '2018-08-26', 31297),
(1140, 23, '2018-08-26', 29742),
(1141, 23, '2018-07-23', 8042),
(1142, 23, '2018-07-10', 19580),
(1143, 23, '2018-06-24', 19664),
(1144, 23, '2018-07-21', 15854),
(1145, 23, '2018-06-23', 22286),
(1146, 23, '2018-08-30', 20036),
(1147, 23, '2018-08-31', 31663),
(1148, 23, '2018-06-30', 18358),
(1149, 23, '2018-08-22', 4037),
(1150, 23, '2018-08-27', 30661),
(1151, 24, '2018-06-16', 16809),
(1152, 24, '2018-06-16', 22658),
(1153, 24, '2018-06-19', 9809),
(1154, 24, '2018-07-21', 32137),
(1155, 24, '2018-08-10', 21744),
(1156, 24, '2018-07-08', 30110),
(1157, 24, '2018-08-29', 13443),
(1158, 24, '2018-08-16', 9100),
(1159, 24, '2018-06-16', 8402),
(1160, 24, '2018-07-15', 28875),
(1161, 24, '2018-08-12', 6962),
(1162, 24, '2018-07-29', 21278),
(1163, 24, '2018-07-10', 34820),
(1164, 24, '2018-06-24', 8622),
(1165, 24, '2018-08-06', 9564),
(1166, 24, '2018-08-13', 16044),
(1167, 24, '2018-08-04', 17673),
(1168, 24, '2018-08-01', 8882),
(1169, 24, '2018-06-22', 33408),
(1170, 24, '2018-07-28', 16267),
(1171, 24, '2018-07-21', 28689),
(1172, 24, '2018-08-17', 25862),
(1173, 24, '2018-08-27', 24377),
(1174, 24, '2018-08-16', 19732),
(1175, 24, '2018-07-27', 11377),
(1176, 24, '2018-08-23', 11689),
(1177, 24, '2018-06-18', 31557),
(1178, 24, '2018-07-17', 21311),
(1179, 24, '2018-08-20', 10160),
(1180, 24, '2018-08-24', 28965),
(1181, 24, '2018-08-07', 29190),
(1182, 24, '2018-08-05', 22702),
(1183, 24, '2018-06-18', 18228),
(1184, 24, '2018-08-21', 34031),
(1185, 24, '2018-08-22', 23193),
(1186, 24, '2018-08-27', 13295),
(1187, 24, '2018-07-17', 14592),
(1188, 24, '2018-07-10', 21046),
(1189, 24, '2018-07-05', 24882),
(1190, 24, '2018-08-22', 8277),
(1191, 24, '2018-06-24', 27228),
(1192, 24, '2018-08-03', 30861),
(1193, 24, '2018-08-21', 24373),
(1194, 24, '2018-06-25', 25281),
(1195, 24, '2018-06-20', 7147),
(1196, 24, '2018-07-02', 8653),
(1197, 24, '2018-06-30', 24051),
(1198, 24, '2018-07-30', 10803),
(1199, 24, '2018-08-10', 31627),
(1200, 24, '2018-07-29', 33350),
(1201, 25, '2018-08-09', 14472),
(1202, 25, '2018-08-17', 11992),
(1203, 25, '2018-08-12', 9852),
(1204, 25, '2018-06-23', 27141),
(1205, 25, '2018-07-13', 30797),
(1206, 25, '2018-08-05', 3912),
(1207, 25, '2018-08-23', 27718),
(1208, 25, '2018-06-23', 32308),
(1209, 25, '2018-06-23', 6765),
(1210, 25, '2018-07-17', 10490),
(1211, 25, '2018-08-01', 7116),
(1212, 25, '2018-08-16', 7562),
(1213, 25, '2018-07-11', 16708),
(1214, 25, '2018-07-29', 20232),
(1215, 25, '2018-08-02', 31588),
(1216, 25, '2018-08-22', 19856),
(1217, 25, '2018-08-11', 29329),
(1218, 25, '2018-08-20', 9969),
(1219, 25, '2018-08-06', 7418),
(1220, 25, '2018-07-12', 28113),
(1221, 25, '2018-06-25', 29992),
(1222, 25, '2018-08-23', 15119),
(1223, 25, '2018-08-25', 12680),
(1224, 25, '2018-08-17', 20598),
(1225, 25, '2018-06-29', 9149),
(1226, 25, '2018-06-19', 29206),
(1227, 25, '2018-08-04', 19550),
(1228, 25, '2018-08-29', 6195),
(1229, 25, '2018-08-16', 27095),
(1230, 25, '2018-08-15', 4871),
(1231, 25, '2018-07-31', 30874),
(1232, 25, '2018-07-21', 15792),
(1233, 25, '2018-08-15', 15356),
(1234, 25, '2018-06-28', 17342),
(1235, 25, '2018-08-07', 6557),
(1236, 25, '2018-07-31', 24473),
(1237, 25, '2018-08-14', 25323),
(1238, 25, '2018-08-17', 19511),
(1239, 25, '2018-07-01', 16876),
(1240, 25, '2018-08-03', 26824),
(1241, 25, '2018-06-23', 27460),
(1242, 25, '2018-08-08', 23506),
(1243, 25, '2018-07-12', 14516),
(1244, 25, '2018-08-30', 33506),
(1245, 25, '2018-08-06', 14453),
(1246, 25, '2018-07-28', 21439),
(1247, 25, '2018-07-10', 14829),
(1248, 25, '2018-08-16', 8377),
(1249, 25, '2018-07-09', 8168),
(1250, 25, '2018-08-25', 18043),
(1251, 26, '2018-08-02', 31378),
(1252, 26, '2018-06-27', 25497),
(1253, 26, '2018-08-09', 23658),
(1254, 26, '2018-07-26', 26824),
(1255, 26, '2018-08-18', 5495),
(1256, 26, '2018-08-20', 33199),
(1257, 26, '2018-07-03', 29863),
(1258, 26, '2018-08-30', 9243),
(1259, 26, '2018-08-20', 11525),
(1260, 26, '2018-08-25', 14444),
(1261, 26, '2018-07-12', 25723),
(1262, 26, '2018-08-24', 3735),
(1263, 26, '2018-08-14', 10272),
(1264, 26, '2018-08-15', 22699),
(1265, 26, '2018-08-26', 16293),
(1266, 26, '2018-07-12', 8841),
(1267, 26, '2018-08-08', 27621),
(1268, 26, '2018-07-17', 32514),
(1269, 26, '2018-08-20', 33117),
(1270, 26, '2018-07-02', 34787),
(1271, 26, '2018-06-28', 30842),
(1272, 26, '2018-06-13', 7613),
(1273, 26, '2018-07-24', 13711),
(1274, 26, '2018-08-24', 18757),
(1275, 26, '2018-07-17', 25350),
(1276, 26, '2018-06-16', 27715),
(1277, 26, '2018-08-19', 6465),
(1278, 26, '2018-07-17', 27453),
(1279, 26, '2018-07-11', 5733),
(1280, 26, '2018-07-21', 28113),
(1281, 26, '2018-08-04', 4371),
(1282, 26, '2018-08-11', 29520),
(1283, 26, '2018-06-29', 4937),
(1284, 26, '2018-08-02', 9767),
(1285, 26, '2018-07-20', 21253),
(1286, 26, '2018-08-28', 9093),
(1287, 26, '2018-06-26', 24808),
(1288, 26, '2018-08-17', 16541),
(1289, 26, '2018-08-07', 34663),
(1290, 26, '2018-08-10', 9471),
(1291, 26, '2018-06-30', 32279),
(1292, 26, '2018-08-14', 27201),
(1293, 26, '2018-08-14', 33195),
(1294, 26, '2018-08-25', 29695),
(1295, 26, '2018-07-18', 9792),
(1296, 26, '2018-07-16', 8203),
(1297, 26, '2018-08-24', 17687),
(1298, 26, '2018-08-17', 12362),
(1299, 26, '2018-08-16', 15914),
(1300, 26, '2018-08-01', 3367),
(1301, 27, '2018-06-19', 13694),
(1302, 27, '2018-08-12', 13140),
(1303, 27, '2018-08-01', 22958),
(1304, 27, '2018-08-29', 6898),
(1305, 27, '2018-08-19', 33653),
(1306, 27, '2018-06-24', 22045),
(1307, 27, '2018-08-01', 5686),
(1308, 27, '2018-08-06', 34980),
(1309, 27, '2018-08-13', 21309),
(1310, 27, '2018-08-11', 8749),
(1311, 27, '2018-08-23', 7754),
(1312, 27, '2018-06-29', 9935),
(1313, 27, '2018-08-25', 26067),
(1314, 27, '2018-08-04', 29817),
(1315, 27, '2018-08-08', 24047),
(1316, 27, '2018-08-27', 7876),
(1317, 27, '2018-08-30', 27557),
(1318, 27, '2018-06-20', 7188),
(1319, 27, '2018-07-09', 13552),
(1320, 27, '2018-07-22', 18472),
(1321, 27, '2018-08-03', 5644),
(1322, 27, '2018-06-20', 30511),
(1323, 27, '2018-07-21', 14246),
(1324, 27, '2018-08-03', 28194),
(1325, 27, '2018-08-02', 15347),
(1326, 27, '2018-08-10', 7493),
(1327, 27, '2018-06-28', 14754),
(1328, 27, '2018-06-19', 22098),
(1329, 27, '2018-08-02', 14501),
(1330, 27, '2018-08-12', 25032),
(1331, 27, '2018-07-03', 21338),
(1332, 27, '2018-06-21', 22284),
(1333, 27, '2018-07-03', 4038),
(1334, 27, '2018-08-24', 30614),
(1335, 27, '2018-06-28', 21573),
(1336, 27, '2018-07-01', 30074),
(1337, 27, '2018-07-15', 18435),
(1338, 27, '2018-06-12', 12161),
(1339, 27, '2018-08-25', 11173),
(1340, 27, '2018-08-16', 19779),
(1341, 27, '2018-08-04', 6654),
(1342, 27, '2018-08-29', 8813),
(1343, 27, '2018-08-25', 34434),
(1344, 27, '2018-08-04', 17259),
(1345, 27, '2018-07-18', 15509),
(1346, 27, '2018-06-17', 33358),
(1347, 27, '2018-08-16', 17798),
(1348, 27, '2018-08-24', 23077),
(1349, 27, '2018-07-06', 13834),
(1350, 27, '2018-06-25', 11891),
(1351, 28, '2018-08-05', 28944),
(1352, 28, '2018-08-17', 33733),
(1353, 28, '2018-08-18', 15229),
(1354, 28, '2018-06-28', 33265),
(1355, 28, '2018-08-12', 4640),
(1356, 28, '2018-08-13', 32698),
(1357, 28, '2018-08-27', 26952),
(1358, 28, '2018-07-19', 4497),
(1359, 28, '2018-06-20', 8712),
(1360, 28, '2018-06-27', 32492),
(1361, 28, '2018-08-02', 30335),
(1362, 28, '2018-07-23', 26052),
(1363, 28, '2018-07-20', 3220),
(1364, 28, '2018-07-16', 22768),
(1365, 28, '2018-07-17', 20113),
(1366, 28, '2018-06-25', 27452),
(1367, 28, '2018-08-10', 18299),
(1368, 28, '2018-08-27', 32816),
(1369, 28, '2018-06-14', 17923),
(1370, 28, '2018-08-14', 27451),
(1371, 28, '2018-08-06', 5369),
(1372, 28, '2018-08-10', 30674),
(1373, 28, '2018-08-29', 3873),
(1374, 28, '2018-08-09', 9248),
(1375, 28, '2018-08-11', 21769),
(1376, 28, '2018-08-04', 15768),
(1377, 28, '2018-07-29', 18717),
(1378, 28, '2018-07-08', 34355),
(1379, 28, '2018-08-15', 3542),
(1380, 28, '2018-07-31', 22207),
(1381, 28, '2018-08-15', 31385),
(1382, 28, '2018-08-26', 21628),
(1383, 28, '2018-08-27', 30124),
(1384, 28, '2018-08-04', 18663),
(1385, 28, '2018-06-24', 32961),
(1386, 28, '2018-08-12', 28845),
(1387, 28, '2018-07-10', 14552),
(1388, 28, '2018-06-19', 33625),
(1389, 28, '2018-07-05', 8591),
(1390, 28, '2018-06-18', 7936),
(1391, 28, '2018-06-28', 24051),
(1392, 28, '2018-08-15', 7879),
(1393, 28, '2018-08-17', 23275),
(1394, 28, '2018-08-29', 4939),
(1395, 28, '2018-07-14', 3086),
(1396, 28, '2018-08-31', 28888),
(1397, 28, '2018-07-21', 7617),
(1398, 28, '2018-08-18', 4273),
(1399, 28, '2018-08-28', 29674),
(1400, 28, '2018-08-02', 22665),
(1401, 29, '2018-08-10', 13121),
(1402, 29, '2018-06-19', 15020),
(1403, 29, '2018-06-23', 15013),
(1404, 29, '2018-07-22', 20457),
(1405, 29, '2018-08-15', 27308),
(1406, 29, '2018-07-17', 13851),
(1407, 29, '2018-06-27', 17506),
(1408, 29, '2018-06-23', 23060),
(1409, 29, '2018-08-11', 7133),
(1410, 29, '2018-08-10', 31502),
(1411, 29, '2018-07-01', 27807),
(1412, 29, '2018-08-24', 5144),
(1413, 29, '2018-06-21', 22192),
(1414, 29, '2018-08-29', 3193),
(1415, 29, '2018-08-20', 26941),
(1416, 29, '2018-08-18', 34300),
(1417, 29, '2018-07-11', 34256),
(1418, 29, '2018-08-30', 3798),
(1419, 29, '2018-08-11', 15171),
(1420, 29, '2018-07-21', 34835),
(1421, 29, '2018-06-27', 16997),
(1422, 29, '2018-06-18', 13050),
(1423, 29, '2018-08-04', 5026),
(1424, 29, '2018-08-09', 14429),
(1425, 29, '2018-07-13', 28532),
(1426, 29, '2018-07-28', 18456),
(1427, 29, '2018-08-11', 25490),
(1428, 29, '2018-06-30', 31016),
(1429, 29, '2018-06-16', 14310),
(1430, 29, '2018-07-11', 12333),
(1431, 29, '2018-07-30', 4471),
(1432, 29, '2018-07-19', 24622),
(1433, 29, '2018-07-13', 17091),
(1434, 29, '2018-08-16', 31404),
(1435, 29, '2018-08-28', 5263),
(1436, 29, '2018-08-04', 5196),
(1437, 29, '2018-08-20', 3397),
(1438, 29, '2018-08-28', 13319),
(1439, 29, '2018-08-20', 21362),
(1440, 29, '2018-07-16', 20929),
(1441, 29, '2018-08-04', 13545),
(1442, 29, '2018-07-22', 19603),
(1443, 29, '2018-07-25', 19187),
(1444, 29, '2018-08-22', 11821),
(1445, 29, '2018-07-10', 21948),
(1446, 29, '2018-07-06', 11953),
(1447, 29, '2018-07-27', 34910),
(1448, 29, '2018-06-24', 30531),
(1449, 29, '2018-06-28', 34477),
(1450, 29, '2018-06-16', 14309),
(1451, 30, '2018-06-19', 20424),
(1452, 30, '2018-08-30', 21595),
(1453, 30, '2018-06-22', 15757),
(1454, 30, '2018-08-01', 9367),
(1455, 30, '2018-07-13', 17943),
(1456, 30, '2018-07-03', 12704),
(1457, 30, '2018-08-20', 28030),
(1458, 30, '2018-08-02', 16743),
(1459, 30, '2018-08-29', 10258),
(1460, 30, '2018-07-01', 7315),
(1461, 30, '2018-08-26', 14002),
(1462, 30, '2018-06-20', 22928),
(1463, 30, '2018-08-06', 25035),
(1464, 30, '2018-06-12', 23974),
(1465, 30, '2018-06-27', 9738),
(1466, 30, '2018-08-10', 20534),
(1467, 30, '2018-07-05', 22064),
(1468, 30, '2018-08-19', 30958),
(1469, 30, '2018-07-17', 26507),
(1470, 30, '2018-07-06', 9138),
(1471, 30, '2018-08-11', 16270),
(1472, 30, '2018-07-21', 19992),
(1473, 30, '2018-07-09', 33156),
(1474, 30, '2018-08-30', 34211),
(1475, 30, '2018-08-10', 34662),
(1476, 30, '2018-08-08', 9342),
(1477, 30, '2018-08-05', 21478),
(1478, 30, '2018-08-22', 6819),
(1479, 30, '2018-07-07', 9944),
(1480, 30, '2018-08-22', 20626),
(1481, 30, '2018-07-10', 26304),
(1482, 30, '2018-08-01', 29062),
(1483, 30, '2018-08-31', 21606),
(1484, 30, '2018-07-29', 5134),
(1485, 30, '2018-06-23', 28453),
(1486, 30, '2018-08-18', 8413),
(1487, 30, '2018-08-13', 17206),
(1488, 30, '2018-06-20', 34949),
(1489, 30, '2018-08-27', 29199),
(1490, 30, '2018-08-10', 33886),
(1491, 30, '2018-07-06', 4555),
(1492, 30, '2018-08-02', 6751),
(1493, 30, '2018-08-25', 15574),
(1494, 30, '2018-08-12', 28589),
(1495, 30, '2018-06-13', 15462),
(1496, 30, '2018-08-06', 10645),
(1497, 30, '2018-07-21', 14937),
(1498, 30, '2018-07-08', 32549),
(1499, 30, '2018-07-15', 13204),
(1500, 30, '2018-06-23', 9332),
(1501, 31, '2018-08-13', 16577),
(1502, 31, '2018-08-18', 24011),
(1503, 31, '2018-08-25', 16061),
(1504, 31, '2018-08-05', 24387),
(1505, 31, '2018-08-23', 12418),
(1506, 31, '2018-06-23', 32337),
(1507, 31, '2018-08-27', 3150),
(1508, 31, '2018-08-07', 32963),
(1509, 31, '2018-07-21', 29759),
(1510, 31, '2018-07-12', 32880),
(1511, 31, '2018-08-23', 18785),
(1512, 31, '2018-06-30', 11180),
(1513, 31, '2018-08-01', 28331),
(1514, 31, '2018-08-11', 24928),
(1515, 31, '2018-08-07', 20975),
(1516, 31, '2018-07-10', 21700),
(1517, 31, '2018-07-20', 11645),
(1518, 31, '2018-08-11', 30748),
(1519, 31, '2018-07-16', 12625),
(1520, 31, '2018-08-22', 19478),
(1521, 31, '2018-06-23', 24012),
(1522, 31, '2018-06-17', 31301),
(1523, 31, '2018-08-01', 16254),
(1524, 31, '2018-08-25', 13086),
(1525, 31, '2018-07-14', 28461),
(1526, 31, '2018-08-29', 17460),
(1527, 31, '2018-07-06', 24992),
(1528, 31, '2018-08-30', 23725),
(1529, 31, '2018-08-21', 31950),
(1530, 31, '2018-06-18', 6207),
(1531, 31, '2018-07-25', 20719),
(1532, 31, '2018-07-10', 23099),
(1533, 31, '2018-08-17', 25586),
(1534, 31, '2018-08-22', 33282),
(1535, 31, '2018-07-26', 17552),
(1536, 31, '2018-07-21', 27436),
(1537, 31, '2018-07-27', 28080),
(1538, 31, '2018-07-12', 12990),
(1539, 31, '2018-08-28', 9985),
(1540, 31, '2018-07-22', 4465),
(1541, 31, '2018-06-30', 21738),
(1542, 31, '2018-07-26', 27519),
(1543, 31, '2018-08-20', 34804),
(1544, 31, '2018-08-01', 18770),
(1545, 31, '2018-08-18', 19294),
(1546, 31, '2018-08-25', 5584),
(1547, 31, '2018-08-26', 5292),
(1548, 31, '2018-08-19', 22509),
(1549, 31, '2018-08-27', 20766),
(1550, 31, '2018-08-20', 18557),
(1551, 32, '2018-08-02', 21547),
(1552, 32, '2018-06-24', 9782),
(1553, 32, '2018-08-03', 6485),
(1554, 32, '2018-07-17', 26080),
(1555, 32, '2018-08-02', 32299),
(1556, 32, '2018-08-31', 25587),
(1557, 32, '2018-07-11', 26202),
(1558, 32, '2018-08-15', 32534),
(1559, 32, '2018-08-01', 4181),
(1560, 32, '2018-06-16', 27515),
(1561, 32, '2018-07-20', 34143),
(1562, 32, '2018-06-22', 34848),
(1563, 32, '2018-08-30', 28404),
(1564, 32, '2018-07-20', 31230),
(1565, 32, '2018-08-22', 33340),
(1566, 32, '2018-07-14', 8033),
(1567, 32, '2018-08-20', 19024),
(1568, 32, '2018-08-16', 8916),
(1569, 32, '2018-08-25', 15744),
(1570, 32, '2018-07-25', 12824),
(1571, 32, '2018-07-07', 11044),
(1572, 32, '2018-08-19', 33183),
(1573, 32, '2018-06-15', 6692),
(1574, 32, '2018-08-19', 9025),
(1575, 32, '2018-07-04', 28169),
(1576, 32, '2018-07-21', 27338),
(1577, 32, '2018-07-20', 20181),
(1578, 32, '2018-07-03', 22601),
(1579, 32, '2018-06-19', 16875),
(1580, 32, '2018-07-29', 6150),
(1581, 32, '2018-08-10', 15767),
(1582, 32, '2018-08-08', 17573),
(1583, 32, '2018-07-20', 12385),
(1584, 32, '2018-07-16', 27374),
(1585, 32, '2018-07-18', 27889),
(1586, 32, '2018-08-07', 31623),
(1587, 32, '2018-07-29', 20976),
(1588, 32, '2018-08-29', 27236),
(1589, 32, '2018-07-17', 29309),
(1590, 32, '2018-08-08', 17937),
(1591, 32, '2018-07-09', 10409),
(1592, 32, '2018-08-25', 30221),
(1593, 32, '2018-06-26', 28623),
(1594, 32, '2018-08-25', 26872),
(1595, 32, '2018-07-04', 34633),
(1596, 32, '2018-08-04', 12590),
(1597, 32, '2018-06-13', 7916),
(1598, 32, '2018-08-17', 29895),
(1599, 32, '2018-08-11', 22489),
(1600, 32, '2018-08-17', 20752),
(1601, 33, '2018-08-07', 7420),
(1602, 33, '2018-08-30', 27778),
(1603, 33, '2018-08-25', 9087),
(1604, 33, '2018-08-15', 18444),
(1605, 33, '2018-08-20', 8611),
(1606, 33, '2018-08-13', 9879),
(1607, 33, '2018-08-21', 11811),
(1608, 33, '2018-06-23', 13466),
(1609, 33, '2018-07-31', 24780),
(1610, 33, '2018-07-06', 22814),
(1611, 33, '2018-08-26', 20540),
(1612, 33, '2018-08-30', 26651),
(1613, 33, '2018-07-05', 20936),
(1614, 33, '2018-07-14', 8745),
(1615, 33, '2018-08-12', 30740),
(1616, 33, '2018-08-13', 20961),
(1617, 33, '2018-08-05', 22441),
(1618, 33, '2018-08-20', 23512),
(1619, 33, '2018-06-21', 3147),
(1620, 33, '2018-07-27', 21812),
(1621, 33, '2018-07-12', 10578),
(1622, 33, '2018-08-01', 15349),
(1623, 33, '2018-08-06', 19846),
(1624, 33, '2018-08-19', 27655),
(1625, 33, '2018-08-05', 30330),
(1626, 33, '2018-08-09', 22616),
(1627, 33, '2018-07-27', 24769),
(1628, 33, '2018-08-24', 3157),
(1629, 33, '2018-06-28', 9470),
(1630, 33, '2018-07-11', 18896),
(1631, 33, '2018-07-31', 32292),
(1632, 33, '2018-08-20', 23153),
(1633, 33, '2018-08-15', 21745),
(1634, 33, '2018-08-13', 25564),
(1635, 33, '2018-08-22', 14222),
(1636, 33, '2018-07-12', 32828),
(1637, 33, '2018-08-23', 7843),
(1638, 33, '2018-08-08', 11828),
(1639, 33, '2018-07-17', 5773),
(1640, 33, '2018-07-18', 24622),
(1641, 33, '2018-08-05', 3760),
(1642, 33, '2018-07-17', 9525),
(1643, 33, '2018-07-19', 6436),
(1644, 33, '2018-08-29', 31147),
(1645, 33, '2018-06-25', 26939),
(1646, 33, '2018-08-13', 23479),
(1647, 33, '2018-08-14', 18471),
(1648, 33, '2018-08-27', 27300),
(1649, 33, '2018-08-21', 5952),
(1650, 33, '2018-06-13', 32633),
(1651, 34, '2018-06-24', 30338),
(1652, 34, '2018-08-28', 23255),
(1653, 34, '2018-08-30', 14832),
(1654, 34, '2018-08-16', 15562),
(1655, 34, '2018-08-20', 7993),
(1656, 34, '2018-08-04', 5690),
(1657, 34, '2018-07-23', 6993),
(1658, 34, '2018-06-15', 31512),
(1659, 34, '2018-06-13', 31858),
(1660, 34, '2018-07-31', 10553),
(1661, 34, '2018-08-16', 30144),
(1662, 34, '2018-06-23', 20715),
(1663, 34, '2018-07-13', 20621),
(1664, 34, '2018-08-14', 14979),
(1665, 34, '2018-08-28', 12712),
(1666, 34, '2018-07-17', 8521),
(1667, 34, '2018-06-23', 34624),
(1668, 34, '2018-08-05', 4797),
(1669, 34, '2018-08-21', 17485),
(1670, 34, '2018-07-15', 5646),
(1671, 34, '2018-08-22', 18032),
(1672, 34, '2018-08-07', 16838),
(1673, 34, '2018-08-01', 20407),
(1674, 34, '2018-08-11', 30347),
(1675, 34, '2018-08-02', 30808),
(1676, 34, '2018-07-10', 30164),
(1677, 34, '2018-08-04', 23088),
(1678, 34, '2018-06-24', 6082),
(1679, 34, '2018-06-14', 16201),
(1680, 34, '2018-08-01', 32011),
(1681, 34, '2018-08-10', 32370),
(1682, 34, '2018-06-25', 34288),
(1683, 34, '2018-06-23', 23469),
(1684, 34, '2018-08-03', 15163),
(1685, 34, '2018-07-10', 25532),
(1686, 34, '2018-08-06', 11386),
(1687, 34, '2018-06-25', 7561),
(1688, 34, '2018-06-24', 20716),
(1689, 34, '2018-08-19', 13132),
(1690, 34, '2018-06-14', 15772),
(1691, 34, '2018-08-23', 20861),
(1692, 34, '2018-06-16', 5990),
(1693, 34, '2018-08-30', 27102),
(1694, 34, '2018-08-30', 30571),
(1695, 34, '2018-08-19', 11565),
(1696, 34, '2018-08-20', 34274),
(1697, 34, '2018-06-28', 30490),
(1698, 34, '2018-07-28', 22177),
(1699, 34, '2018-08-18', 17185),
(1700, 34, '2018-08-07', 22538),
(1701, 35, '2018-07-04', 20710),
(1702, 35, '2018-08-02', 15155),
(1703, 35, '2018-06-30', 32827),
(1704, 35, '2018-07-08', 21413),
(1705, 35, '2018-07-05', 8787),
(1706, 35, '2018-08-19', 16269),
(1707, 35, '2018-07-02', 28182),
(1708, 35, '2018-07-22', 19184),
(1709, 35, '2018-08-04', 25301),
(1710, 35, '2018-07-03', 3970),
(1711, 35, '2018-07-12', 29879),
(1712, 35, '2018-07-12', 13988),
(1713, 35, '2018-08-29', 24499),
(1714, 35, '2018-07-15', 30943),
(1715, 35, '2018-07-14', 10986),
(1716, 35, '2018-08-09', 6290),
(1717, 35, '2018-08-05', 6452),
(1718, 35, '2018-08-19', 18689),
(1719, 35, '2018-08-04', 11748),
(1720, 35, '2018-08-07', 29846),
(1721, 35, '2018-06-16', 22436),
(1722, 35, '2018-06-29', 28880),
(1723, 35, '2018-07-22', 18269),
(1724, 35, '2018-06-14', 32737),
(1725, 35, '2018-06-26', 25922),
(1726, 35, '2018-08-28', 7937),
(1727, 35, '2018-08-16', 12599),
(1728, 35, '2018-07-24', 14477),
(1729, 35, '2018-07-14', 13507),
(1730, 35, '2018-07-21', 8818),
(1731, 35, '2018-08-13', 18065),
(1732, 35, '2018-08-06', 20552),
(1733, 35, '2018-06-14', 15105),
(1734, 35, '2018-08-20', 30158),
(1735, 35, '2018-06-28', 21874),
(1736, 35, '2018-08-06', 30535),
(1737, 35, '2018-08-07', 31516),
(1738, 35, '2018-08-13', 7077),
(1739, 35, '2018-08-20', 5514),
(1740, 35, '2018-08-10', 16959),
(1741, 35, '2018-06-15', 8414),
(1742, 35, '2018-08-28', 7850),
(1743, 35, '2018-08-10', 24326),
(1744, 35, '2018-08-01', 17963),
(1745, 35, '2018-08-06', 15796),
(1746, 35, '2018-08-15', 9646),
(1747, 35, '2018-06-29', 33337),
(1748, 35, '2018-07-30', 17728),
(1749, 35, '2018-07-04', 31032),
(1750, 35, '2018-07-30', 29373),
(1751, 36, '2018-08-25', 14204),
(1752, 36, '2018-07-21', 24089),
(1753, 36, '2018-07-25', 3509),
(1754, 36, '2018-06-19', 7506),
(1755, 36, '2018-07-16', 12269),
(1756, 36, '2018-08-12', 26413),
(1757, 36, '2018-07-31', 7884),
(1758, 36, '2018-08-24', 11237),
(1759, 36, '2018-08-21', 22605),
(1760, 36, '2018-07-13', 25225),
(1761, 36, '2018-08-19', 9745),
(1762, 36, '2018-08-23', 13838),
(1763, 36, '2018-06-16', 10158),
(1764, 36, '2018-08-29', 21347),
(1765, 36, '2018-08-24', 17484),
(1766, 36, '2018-07-02', 20126),
(1767, 36, '2018-07-25', 33027),
(1768, 36, '2018-06-23', 16251),
(1769, 36, '2018-06-29', 9028),
(1770, 36, '2018-06-16', 17974),
(1771, 36, '2018-07-20', 7321),
(1772, 36, '2018-08-14', 9201),
(1773, 36, '2018-06-24', 26490),
(1774, 36, '2018-06-21', 24766),
(1775, 36, '2018-08-07', 16078),
(1776, 36, '2018-06-19', 9893),
(1777, 36, '2018-08-02', 10112),
(1778, 36, '2018-07-28', 29988),
(1779, 36, '2018-06-25', 12456),
(1780, 36, '2018-08-30', 17974),
(1781, 36, '2018-08-07', 6384),
(1782, 36, '2018-06-24', 24866),
(1783, 36, '2018-06-18', 18701),
(1784, 36, '2018-07-06', 10942),
(1785, 36, '2018-08-26', 29941),
(1786, 36, '2018-07-16', 28977),
(1787, 36, '2018-06-28', 19807),
(1788, 36, '2018-08-30', 24592),
(1789, 36, '2018-07-28', 24926),
(1790, 36, '2018-08-20', 28171),
(1791, 36, '2018-08-22', 18026),
(1792, 36, '2018-06-23', 21660),
(1793, 36, '2018-07-04', 7285),
(1794, 36, '2018-08-01', 7804),
(1795, 36, '2018-08-28', 22172),
(1796, 36, '2018-07-21', 9584),
(1797, 36, '2018-08-17', 5865),
(1798, 36, '2018-08-08', 28873),
(1799, 36, '2018-08-10', 25773),
(1800, 36, '2018-08-01', 3330),
(1801, 37, '2018-08-05', 31338),
(1802, 37, '2018-08-14', 3625),
(1803, 37, '2018-07-19', 21819),
(1804, 37, '2018-08-25', 29410),
(1805, 37, '2018-08-09', 33598),
(1806, 37, '2018-07-21', 27366),
(1807, 37, '2018-08-02', 23769),
(1808, 37, '2018-06-16', 32336),
(1809, 37, '2018-08-22', 26443),
(1810, 37, '2018-08-30', 34454),
(1811, 37, '2018-07-01', 8511),
(1812, 37, '2018-08-23', 18717),
(1813, 37, '2018-08-26', 32626),
(1814, 37, '2018-07-28', 22386),
(1815, 37, '2018-08-17', 8520),
(1816, 37, '2018-08-24', 34630),
(1817, 37, '2018-08-15', 4035),
(1818, 37, '2018-06-26', 6909),
(1819, 37, '2018-07-28', 3410),
(1820, 37, '2018-06-29', 32515),
(1821, 37, '2018-08-21', 12712),
(1822, 37, '2018-06-19', 4415),
(1823, 37, '2018-06-28', 34902),
(1824, 37, '2018-06-30', 4993),
(1825, 37, '2018-06-23', 18001),
(1826, 37, '2018-08-22', 4226),
(1827, 37, '2018-08-20', 19874),
(1828, 37, '2018-07-12', 20206),
(1829, 37, '2018-08-07', 12706),
(1830, 37, '2018-08-03', 10410),
(1831, 37, '2018-08-29', 16692),
(1832, 37, '2018-07-15', 14500),
(1833, 37, '2018-08-30', 8086),
(1834, 37, '2018-07-08', 3381),
(1835, 37, '2018-08-25', 23907),
(1836, 37, '2018-08-10', 10527),
(1837, 37, '2018-08-19', 29046),
(1838, 37, '2018-08-06', 32753),
(1839, 37, '2018-07-19', 5306),
(1840, 37, '2018-07-04', 7316),
(1841, 37, '2018-08-27', 10011),
(1842, 37, '2018-08-03', 10570),
(1843, 37, '2018-08-06', 20229),
(1844, 37, '2018-06-27', 20756),
(1845, 37, '2018-06-12', 15596),
(1846, 37, '2018-08-25', 16077),
(1847, 37, '2018-06-27', 27424),
(1848, 37, '2018-08-17', 14839),
(1849, 37, '2018-08-20', 30988),
(1850, 37, '2018-08-24', 7774),
(1851, 38, '2018-07-31', 20222),
(1852, 38, '2018-06-12', 24036),
(1853, 38, '2018-08-21', 18839),
(1854, 38, '2018-08-25', 25188),
(1855, 38, '2018-07-15', 24490),
(1856, 38, '2018-08-04', 29579),
(1857, 38, '2018-07-30', 23040),
(1858, 38, '2018-06-23', 32236),
(1859, 38, '2018-07-25', 7199),
(1860, 38, '2018-08-26', 25099),
(1861, 38, '2018-06-29', 12609),
(1862, 38, '2018-06-19', 21923),
(1863, 38, '2018-07-31', 34498),
(1864, 38, '2018-07-02', 9179),
(1865, 38, '2018-08-28', 14432),
(1866, 38, '2018-06-23', 29319),
(1867, 38, '2018-08-18', 20254),
(1868, 38, '2018-06-12', 11122),
(1869, 38, '2018-06-16', 30462),
(1870, 38, '2018-07-10', 34870),
(1871, 38, '2018-08-04', 24629),
(1872, 38, '2018-08-25', 24427),
(1873, 38, '2018-08-09', 16508),
(1874, 38, '2018-07-15', 15271),
(1875, 38, '2018-08-19', 30158),
(1876, 38, '2018-06-15', 19138),
(1877, 38, '2018-08-09', 20458),
(1878, 38, '2018-07-04', 33297),
(1879, 38, '2018-07-04', 33044),
(1880, 38, '2018-06-26', 19845),
(1881, 38, '2018-08-28', 5675),
(1882, 38, '2018-07-31', 10419),
(1883, 38, '2018-08-01', 14419),
(1884, 38, '2018-08-12', 4077),
(1885, 38, '2018-08-15', 15587),
(1886, 38, '2018-06-25', 27334),
(1887, 38, '2018-06-14', 17908),
(1888, 38, '2018-08-02', 31022),
(1889, 38, '2018-08-18', 21917),
(1890, 38, '2018-07-12', 3764),
(1891, 38, '2018-08-11', 9234),
(1892, 38, '2018-08-28', 3122),
(1893, 38, '2018-08-07', 10643),
(1894, 38, '2018-08-09', 19375),
(1895, 38, '2018-07-30', 29263),
(1896, 38, '2018-08-30', 10894),
(1897, 38, '2018-08-21', 33830),
(1898, 38, '2018-08-04', 30436),
(1899, 38, '2018-08-07', 27905),
(1900, 38, '2018-08-15', 15123),
(1901, 39, '2018-08-14', 12103),
(1902, 39, '2018-07-09', 18558),
(1903, 39, '2018-06-14', 34213),
(1904, 39, '2018-08-29', 11569),
(1905, 39, '2018-08-03', 32338),
(1906, 39, '2018-08-29', 11635),
(1907, 39, '2018-08-23', 14083),
(1908, 39, '2018-08-19', 20840),
(1909, 39, '2018-06-23', 21843),
(1910, 39, '2018-08-02', 14666),
(1911, 39, '2018-08-26', 20363),
(1912, 39, '2018-08-17', 27761),
(1913, 39, '2018-06-27', 19861),
(1914, 39, '2018-07-31', 14062),
(1915, 39, '2018-06-27', 17780),
(1916, 39, '2018-07-16', 14642),
(1917, 39, '2018-08-25', 8701),
(1918, 39, '2018-08-01', 11592),
(1919, 39, '2018-08-04', 25796),
(1920, 39, '2018-07-03', 29372),
(1921, 39, '2018-08-21', 10189),
(1922, 39, '2018-06-13', 22483),
(1923, 39, '2018-06-24', 17476),
(1924, 39, '2018-08-11', 25987),
(1925, 39, '2018-06-19', 12434),
(1926, 39, '2018-08-18', 4128),
(1927, 39, '2018-08-05', 26785),
(1928, 39, '2018-08-15', 26643),
(1929, 39, '2018-06-23', 18916),
(1930, 39, '2018-08-06', 7811),
(1931, 39, '2018-08-28', 14014),
(1932, 39, '2018-08-05', 27507),
(1933, 39, '2018-07-29', 22757),
(1934, 39, '2018-07-11', 6700),
(1935, 39, '2018-08-13', 26432),
(1936, 39, '2018-08-10', 29510),
(1937, 39, '2018-07-03', 9702),
(1938, 39, '2018-06-22', 28858),
(1939, 39, '2018-07-17', 15931),
(1940, 39, '2018-08-04', 28010),
(1941, 39, '2018-06-25', 11180),
(1942, 39, '2018-08-05', 23089),
(1943, 39, '2018-07-14', 6943),
(1944, 39, '2018-08-01', 20426),
(1945, 39, '2018-07-12', 10497),
(1946, 39, '2018-07-17', 6692),
(1947, 39, '2018-08-02', 28291),
(1948, 39, '2018-08-12', 14623),
(1949, 39, '2018-08-02', 16060),
(1950, 39, '2018-06-23', 16901),
(1951, 40, '2018-07-06', 14325),
(1952, 40, '2018-08-12', 3394),
(1953, 40, '2018-08-27', 8509),
(1954, 40, '2018-08-02', 29954),
(1955, 40, '2018-07-07', 16983),
(1956, 40, '2018-08-03', 22743),
(1957, 40, '2018-08-01', 24571),
(1958, 40, '2018-07-24', 7277),
(1959, 40, '2018-07-25', 33090),
(1960, 40, '2018-08-17', 29978),
(1961, 40, '2018-08-24', 33476),
(1962, 40, '2018-07-17', 23161),
(1963, 40, '2018-07-11', 28482),
(1964, 40, '2018-08-13', 3544),
(1965, 40, '2018-06-22', 27841),
(1966, 40, '2018-06-19', 28287),
(1967, 40, '2018-07-21', 9273),
(1968, 40, '2018-08-22', 17095),
(1969, 40, '2018-08-20', 33984),
(1970, 40, '2018-08-08', 34155),
(1971, 40, '2018-08-24', 27402),
(1972, 40, '2018-07-15', 23662),
(1973, 40, '2018-07-05', 21135),
(1974, 40, '2018-08-01', 15955),
(1975, 40, '2018-08-10', 19728),
(1976, 40, '2018-08-01', 24132),
(1977, 40, '2018-06-28', 10244),
(1978, 40, '2018-08-16', 6589),
(1979, 40, '2018-08-13', 27408),
(1980, 40, '2018-08-26', 6648),
(1981, 40, '2018-08-06', 21419),
(1982, 40, '2018-08-22', 30648),
(1983, 40, '2018-08-03', 16786),
(1984, 40, '2018-06-28', 4205),
(1985, 40, '2018-08-14', 8606),
(1986, 40, '2018-07-24', 16981),
(1987, 40, '2018-06-18', 9774),
(1988, 40, '2018-06-12', 27472),
(1989, 40, '2018-08-31', 13493),
(1990, 40, '2018-08-27', 22229),
(1991, 40, '2018-06-13', 28415),
(1992, 40, '2018-08-07', 17418),
(1993, 40, '2018-08-27', 27027),
(1994, 40, '2018-06-24', 28915),
(1995, 40, '2018-06-13', 22382),
(1996, 40, '2018-07-09', 29431),
(1997, 40, '2018-07-08', 6007),
(1998, 40, '2018-07-02', 33535),
(1999, 40, '2018-08-13', 29855),
(2000, 40, '2018-08-04', 7176),
(2001, 41, '2018-07-14', 31317),
(2002, 41, '2018-08-06', 12318),
(2003, 41, '2018-08-01', 31083),
(2004, 41, '2018-08-27', 9015),
(2005, 41, '2018-08-06', 18135),
(2006, 41, '2018-08-27', 25271),
(2007, 41, '2018-07-18', 26812),
(2008, 41, '2018-07-02', 30467),
(2009, 41, '2018-08-29', 19760),
(2010, 41, '2018-06-18', 16291),
(2011, 41, '2018-07-20', 19299),
(2012, 41, '2018-08-01', 11305),
(2013, 41, '2018-06-17', 31998),
(2014, 41, '2018-08-20', 28780),
(2015, 41, '2018-08-02', 11462),
(2016, 41, '2018-08-09', 27982),
(2018, 41, '2018-08-12', 25361),
(2018, 41, '2018-07-18', 7994),
(2019, 41, '2018-08-12', 24160),
(2020, 41, '2018-07-07', 8096),
(2021, 41, '2018-07-11', 29441),
(2022, 41, '2018-08-20', 26387),
(2023, 41, '2018-08-17', 28242),
(2024, 41, '2018-08-06', 9850),
(2025, 41, '2018-06-13', 34166),
(2026, 41, '2018-07-02', 33339),
(2027, 41, '2018-08-25', 24559),
(2028, 41, '2018-08-18', 19449),
(2029, 41, '2018-08-08', 18596),
(2030, 41, '2018-08-05', 11863),
(2031, 41, '2018-07-21', 9889),
(2032, 41, '2018-07-29', 28567),
(2033, 41, '2018-07-21', 8324),
(2034, 41, '2018-06-14', 18697),
(2035, 41, '2018-07-26', 3336),
(2036, 41, '2018-08-20', 30682),
(2037, 41, '2018-06-25', 34970),
(2038, 41, '2018-08-08', 19713),
(2039, 41, '2018-08-07', 12461),
(2040, 41, '2018-08-21', 8135),
(2041, 41, '2018-08-11', 14307),
(2042, 41, '2018-08-28', 19241),
(2043, 41, '2018-06-19', 10746),
(2044, 41, '2018-08-04', 9180),
(2045, 41, '2018-08-13', 32949),
(2046, 41, '2018-08-29', 8918),
(2047, 41, '2018-08-21', 14487),
(2048, 41, '2018-06-15', 28025),
(2049, 41, '2018-06-24', 27731),
(2050, 41, '2018-08-21', 11109),
(2051, 42, '2018-08-04', 33008),
(2052, 42, '2018-08-09', 20119),
(2053, 42, '2018-06-30', 34865),
(2054, 42, '2018-06-21', 30931),
(2055, 42, '2018-08-01', 18487),
(2056, 42, '2018-06-12', 33380),
(2057, 42, '2018-08-23', 15921),
(2058, 42, '2018-08-07', 21712),
(2059, 42, '2018-08-31', 34938),
(2060, 42, '2018-08-27', 34305),
(2061, 42, '2018-08-06', 10776),
(2062, 42, '2018-08-26', 12470),
(2063, 42, '2018-08-01', 12499),
(2064, 42, '2018-08-13', 32018),
(2065, 42, '2018-08-16', 13115),
(2066, 42, '2018-08-01', 12434),
(2067, 42, '2018-08-07', 8459),
(2068, 42, '2018-08-27', 19872),
(2069, 42, '2018-06-23', 9374),
(2070, 42, '2018-06-28', 4508),
(2071, 42, '2018-08-13', 21921),
(2072, 42, '2018-06-19', 29843),
(2073, 42, '2018-08-02', 9228),
(2074, 42, '2018-06-26', 3508),
(2075, 42, '2018-07-10', 9458),
(2076, 42, '2018-08-21', 29450),
(2077, 42, '2018-06-28', 24379),
(2078, 42, '2018-07-04', 26322),
(2079, 42, '2018-08-01', 15124),
(2080, 42, '2018-08-11', 9167),
(2081, 42, '2018-06-24', 6287),
(2082, 42, '2018-08-10', 8104),
(2083, 42, '2018-08-17', 24661),
(2084, 42, '2018-06-12', 23849),
(2085, 42, '2018-08-24', 18487),
(2086, 42, '2018-08-10', 3080),
(2087, 42, '2018-08-18', 26327),
(2088, 42, '2018-08-06', 9862),
(2089, 42, '2018-07-16', 17525),
(2090, 42, '2018-08-13', 26216),
(2091, 42, '2018-06-18', 32707),
(2092, 42, '2018-08-31', 32210),
(2093, 42, '2018-06-12', 9873),
(2094, 42, '2018-08-24', 13373),
(2095, 42, '2018-08-20', 27565),
(2096, 42, '2018-08-25', 7556),
(2097, 42, '2018-07-26', 34276),
(2098, 42, '2018-08-02', 22726),
(2099, 42, '2018-08-19', 14686),
(2100, 42, '2018-08-04', 22223),
(2101, 43, '2018-08-09', 23819),
(2102, 43, '2018-08-26', 5483),
(2103, 43, '2018-08-01', 23377),
(2104, 43, '2018-08-04', 7221),
(2105, 43, '2018-07-09', 6258),
(2106, 43, '2018-08-27', 13760),
(2107, 43, '2018-08-07', 25696),
(2108, 43, '2018-08-13', 32597),
(2109, 43, '2018-08-24', 17290),
(2110, 43, '2018-06-30', 20330),
(2111, 43, '2018-08-23', 17801),
(2112, 43, '2018-06-20', 16367),
(2113, 43, '2018-08-30', 13958),
(2114, 43, '2018-08-24', 17833),
(2115, 43, '2018-06-28', 21561),
(2116, 43, '2018-08-10', 17139),
(2117, 43, '2018-07-12', 9715),
(2118, 43, '2018-07-14', 9002),
(2119, 43, '2018-08-02', 23467),
(2120, 43, '2018-07-15', 34772),
(2121, 43, '2018-08-21', 13591),
(2122, 43, '2018-08-16', 28551),
(2123, 43, '2018-07-12', 28349),
(2124, 43, '2018-06-13', 8229),
(2125, 43, '2018-07-26', 11657),
(2126, 43, '2018-08-24', 34956),
(2127, 43, '2018-08-18', 11151),
(2128, 43, '2018-07-24', 14988),
(2129, 43, '2018-08-16', 6430),
(2130, 43, '2018-07-23', 32641),
(2131, 43, '2018-08-26', 10998),
(2132, 43, '2018-08-26', 25380),
(2133, 43, '2018-06-21', 22461),
(2134, 43, '2018-08-26', 30043),
(2135, 43, '2018-07-29', 23603),
(2136, 43, '2018-08-20', 17943),
(2137, 43, '2018-08-22', 17150),
(2138, 43, '2018-08-21', 34380),
(2139, 43, '2018-08-03', 32386),
(2140, 43, '2018-06-28', 34882),
(2141, 43, '2018-07-04', 34925),
(2142, 43, '2018-07-10', 22416),
(2143, 43, '2018-07-22', 12411),
(2144, 43, '2018-06-12', 10469),
(2145, 43, '2018-08-16', 23987),
(2146, 43, '2018-08-24', 33690),
(2147, 43, '2018-08-01', 10247),
(2148, 43, '2018-07-09', 18309),
(2149, 43, '2018-06-21', 7830),
(2150, 43, '2018-07-09', 34301),
(2151, 44, '2018-06-29', 16884),
(2152, 44, '2018-07-13', 16506),
(2153, 44, '2018-06-30', 21270),
(2154, 44, '2018-08-17', 24484),
(2155, 44, '2018-08-14', 17907),
(2156, 44, '2018-08-18', 10789),
(2157, 44, '2018-08-02', 34803),
(2158, 44, '2018-07-01', 10524),
(2159, 44, '2018-08-04', 7953),
(2160, 44, '2018-08-15', 14764),
(2161, 44, '2018-08-04', 18593),
(2162, 44, '2018-08-11', 32134),
(2163, 44, '2018-08-16', 30756),
(2164, 44, '2018-07-10', 30881),
(2165, 44, '2018-08-30', 33224),
(2166, 44, '2018-06-13', 6790),
(2167, 44, '2018-06-14', 21982),
(2168, 44, '2018-08-21', 18877),
(2169, 44, '2018-08-05', 10161),
(2170, 44, '2018-07-19', 14598),
(2171, 44, '2018-07-05', 32533),
(2172, 44, '2018-08-06', 33107),
(2173, 44, '2018-08-13', 26429),
(2174, 44, '2018-06-28', 17479),
(2175, 44, '2018-06-20', 28439),
(2176, 44, '2018-06-26', 25882),
(2177, 44, '2018-08-22', 4595),
(2178, 44, '2018-08-26', 4924),
(2179, 44, '2018-07-15', 25081),
(2180, 44, '2018-08-18', 29248),
(2181, 44, '2018-08-28', 12682),
(2182, 44, '2018-07-31', 19261),
(2183, 44, '2018-06-27', 30243),
(2184, 44, '2018-06-16', 20223),
(2185, 44, '2018-07-12', 20864),
(2186, 44, '2018-07-18', 33876),
(2187, 44, '2018-08-19', 10311),
(2188, 44, '2018-07-12', 5513),
(2189, 44, '2018-08-04', 33711),
(2190, 44, '2018-08-14', 9514),
(2191, 44, '2018-08-06', 28894),
(2192, 44, '2018-06-23', 30070),
(2193, 44, '2018-08-06', 21573),
(2194, 44, '2018-08-18', 32197),
(2195, 44, '2018-08-20', 4727),
(2196, 44, '2018-08-18', 5385),
(2197, 44, '2018-07-16', 11126),
(2198, 44, '2018-08-21', 33646),
(2199, 44, '2018-08-22', 17205),
(2200, 44, '2018-08-21', 27803),
(2201, 45, '2018-08-12', 17271),
(2202, 45, '2018-08-26', 14102),
(2203, 45, '2018-07-28', 22603),
(2204, 45, '2018-08-28', 34485),
(2205, 45, '2018-07-22', 13732),
(2206, 45, '2018-08-01', 25103),
(2207, 45, '2018-08-04', 18164),
(2208, 45, '2018-08-31', 5859),
(2209, 45, '2018-07-22', 4187),
(2210, 45, '2018-06-18', 32081),
(2211, 45, '2018-08-06', 22944),
(2212, 45, '2018-08-31', 22536),
(2213, 45, '2018-08-06', 31355),
(2214, 45, '2018-07-27', 31723),
(2215, 45, '2018-08-27', 18308),
(2216, 45, '2018-07-23', 33433),
(2217, 45, '2018-08-08', 29346),
(2218, 45, '2018-08-23', 24783),
(2219, 45, '2018-07-24', 13519),
(2220, 45, '2018-08-24', 21717),
(2221, 45, '2018-08-05', 22491),
(2222, 45, '2018-08-08', 12789),
(2223, 45, '2018-06-22', 31722),
(2224, 45, '2018-07-18', 25855),
(2225, 45, '2018-08-16', 11335),
(2226, 45, '2018-08-31', 31146),
(2227, 45, '2018-06-18', 24481),
(2228, 45, '2018-08-22', 32590),
(2229, 45, '2018-08-21', 8386),
(2230, 45, '2018-08-16', 27495),
(2231, 45, '2018-08-12', 3767),
(2232, 45, '2018-07-22', 7576),
(2233, 45, '2018-08-06', 33031),
(2234, 45, '2018-08-04', 10291),
(2235, 45, '2018-08-07', 3765),
(2236, 45, '2018-08-21', 12521),
(2237, 45, '2018-08-24', 30489),
(2238, 45, '2018-07-23', 3684),
(2239, 45, '2018-06-19', 32258),
(2240, 45, '2018-06-15', 19662),
(2241, 45, '2018-08-16', 9846),
(2242, 45, '2018-08-17', 10038),
(2243, 45, '2018-08-28', 32536),
(2244, 45, '2018-06-22', 19245),
(2245, 45, '2018-07-14', 27975),
(2246, 45, '2018-07-31', 24625),
(2247, 45, '2018-07-25', 3762),
(2248, 45, '2018-08-26', 21974),
(2249, 45, '2018-08-29', 9261),
(2250, 45, '2018-06-18', 28943),
(2251, 46, '2018-06-25', 7569),
(2252, 46, '2018-08-13', 13239),
(2253, 46, '2018-08-01', 29271),
(2254, 46, '2018-08-01', 6182),
(2255, 46, '2018-08-24', 5096),
(2256, 46, '2018-07-17', 17364),
(2257, 46, '2018-08-13', 32942),
(2258, 46, '2018-08-13', 5066),
(2259, 46, '2018-08-08', 5108),
(2260, 46, '2018-08-03', 13728),
(2261, 46, '2018-08-26', 34096),
(2262, 46, '2018-08-23', 33956),
(2263, 46, '2018-07-16', 31911),
(2264, 46, '2018-07-15', 17172),
(2265, 46, '2018-07-10', 3177),
(2266, 46, '2018-08-01', 7434),
(2267, 46, '2018-08-08', 23929),
(2268, 46, '2018-08-05', 29107),
(2269, 46, '2018-08-16', 13871),
(2270, 46, '2018-07-06', 12065),
(2271, 46, '2018-08-20', 21068),
(2272, 46, '2018-07-05', 10491),
(2273, 46, '2018-07-11', 28914),
(2274, 46, '2018-08-23', 21459),
(2275, 46, '2018-07-12', 23811),
(2276, 46, '2018-08-14', 14714),
(2277, 46, '2018-07-12', 22661),
(2278, 46, '2018-06-25', 16498),
(2279, 46, '2018-08-18', 18093),
(2280, 46, '2018-08-06', 27160),
(2281, 46, '2018-07-11', 22086),
(2282, 46, '2018-07-12', 10646),
(2283, 46, '2018-08-03', 18469),
(2284, 46, '2018-08-23', 29946),
(2285, 46, '2018-08-29', 19522),
(2286, 46, '2018-08-04', 22067),
(2287, 46, '2018-08-07', 3358),
(2288, 46, '2018-07-11', 29426),
(2289, 46, '2018-08-31', 19655),
(2290, 46, '2018-06-14', 14213),
(2291, 46, '2018-08-01', 26478),
(2292, 46, '2018-08-01', 5892),
(2293, 46, '2018-08-01', 19791),
(2294, 46, '2018-07-26', 17709),
(2295, 46, '2018-08-29', 3538),
(2296, 46, '2018-08-20', 24895),
(2297, 46, '2018-07-05', 23880),
(2298, 46, '2018-08-03', 34139),
(2299, 46, '2018-08-04', 23472),
(2300, 46, '2018-08-26', 19538),
(2301, 47, '2018-06-19', 28414),
(2302, 47, '2018-08-06', 9134),
(2303, 47, '2018-06-16', 32934),
(2304, 47, '2018-06-25', 30802),
(2305, 47, '2018-06-14', 22641),
(2306, 47, '2018-08-01', 33691),
(2307, 47, '2018-08-07', 5656),
(2308, 47, '2018-08-05', 3048),
(2309, 47, '2018-08-02', 27584),
(2310, 47, '2018-07-21', 31919),
(2311, 47, '2018-06-26', 9366),
(2312, 47, '2018-08-24', 27118),
(2313, 47, '2018-08-19', 3431),
(2314, 47, '2018-08-19', 28785),
(2315, 47, '2018-08-14', 6765),
(2316, 47, '2018-08-22', 14831),
(2317, 47, '2018-08-23', 9680),
(2318, 47, '2018-07-28', 13243),
(2319, 47, '2018-08-06', 16575),
(2320, 47, '2018-06-24', 31542),
(2321, 47, '2018-07-30', 4551),
(2322, 47, '2018-07-21', 8732),
(2323, 47, '2018-08-20', 30498),
(2324, 47, '2018-08-08', 32283),
(2325, 47, '2018-07-09', 22111),
(2326, 47, '2018-08-17', 18767),
(2327, 47, '2018-07-06', 21676),
(2328, 47, '2018-06-25', 25295),
(2329, 47, '2018-08-28', 13376),
(2330, 47, '2018-08-06', 33961),
(2331, 47, '2018-08-06', 33325),
(2332, 47, '2018-07-04', 9780),
(2333, 47, '2018-08-04', 28276),
(2334, 47, '2018-08-13', 25636),
(2335, 47, '2018-08-28', 18238),
(2336, 47, '2018-08-01', 21428),
(2337, 47, '2018-07-21', 27330),
(2338, 47, '2018-06-22', 25147),
(2339, 47, '2018-06-28', 30122),
(2340, 47, '2018-06-22', 28116),
(2341, 47, '2018-07-21', 21345),
(2342, 47, '2018-08-04', 34666),
(2343, 47, '2018-07-03', 7851),
(2344, 47, '2018-08-01', 33249),
(2345, 47, '2018-07-06', 5340),
(2346, 47, '2018-08-01', 3298),
(2347, 47, '2018-08-20', 7653),
(2348, 47, '2018-07-14', 10362),
(2349, 47, '2018-07-15', 26303),
(2350, 47, '2018-08-05', 11232),
(2351, 48, '2018-07-23', 31714),
(2352, 48, '2018-06-29', 17508),
(2353, 48, '2018-08-29', 10323),
(2354, 48, '2018-08-03', 31840),
(2355, 48, '2018-07-22', 27319),
(2356, 48, '2018-06-21', 29260),
(2357, 48, '2018-08-04', 31447),
(2358, 48, '2018-07-14', 12093),
(2359, 48, '2018-06-24', 28395),
(2360, 48, '2018-08-12', 34136),
(2361, 48, '2018-08-22', 12432),
(2362, 48, '2018-08-24', 25643),
(2363, 48, '2018-08-24', 32324),
(2364, 48, '2018-08-11', 5534),
(2365, 48, '2018-07-27', 15213),
(2366, 48, '2018-08-08', 29704),
(2367, 48, '2018-08-13', 29924),
(2368, 48, '2018-08-20', 33248),
(2369, 48, '2018-07-25', 18720),
(2370, 48, '2018-08-02', 20217),
(2371, 48, '2018-06-25', 18290),
(2372, 48, '2018-08-09', 19396),
(2373, 48, '2018-07-09', 11908),
(2374, 48, '2018-07-17', 30450),
(2375, 48, '2018-08-01', 8169),
(2376, 48, '2018-08-19', 21277),
(2377, 48, '2018-07-03', 22309),
(2378, 48, '2018-08-02', 9223),
(2379, 48, '2018-08-18', 24636),
(2380, 48, '2018-08-06', 5064),
(2381, 48, '2018-06-24', 3619),
(2382, 48, '2018-08-08', 34873),
(2383, 48, '2018-08-07', 16874),
(2384, 48, '2018-08-15', 10327),
(2385, 48, '2018-08-23', 9496),
(2386, 48, '2018-08-20', 33852),
(2387, 48, '2018-06-24', 10601),
(2388, 48, '2018-08-11', 4551),
(2389, 48, '2018-06-25', 4502),
(2390, 48, '2018-07-18', 3247),
(2391, 48, '2018-08-09', 16630),
(2392, 48, '2018-07-16', 24301),
(2393, 48, '2018-08-24', 3198),
(2394, 48, '2018-08-10', 22220),
(2395, 48, '2018-06-27', 29469),
(2396, 48, '2018-06-30', 31660),
(2397, 48, '2018-08-30', 15869),
(2398, 48, '2018-07-11', 29656),
(2399, 48, '2018-08-29', 19534),
(2400, 48, '2018-06-20', 4274),
(2401, 49, '2018-07-26', 16823),
(2402, 49, '2018-07-20', 29066),
(2403, 49, '2018-08-06', 22252),
(2404, 49, '2018-07-29', 6427),
(2405, 49, '2018-07-01', 23846),
(2406, 49, '2018-07-01', 7908),
(2407, 49, '2018-06-24', 16552),
(2408, 49, '2018-07-28', 31285),
(2409, 49, '2018-08-28', 3439),
(2410, 49, '2018-06-26', 15685),
(2411, 49, '2018-08-06', 22511),
(2412, 49, '2018-06-27', 30677),
(2413, 49, '2018-08-05', 28246),
(2414, 49, '2018-08-10', 33653),
(2415, 49, '2018-06-27', 25100),
(2416, 49, '2018-08-07', 23157),
(2417, 49, '2018-06-28', 12764),
(2418, 49, '2018-08-18', 4039),
(2419, 49, '2018-08-06', 10922),
(2420, 49, '2018-08-22', 19360),
(2421, 49, '2018-07-13', 27999),
(2422, 49, '2018-06-28', 13178),
(2423, 49, '2018-08-11', 25824),
(2424, 49, '2018-06-24', 6956),
(2425, 49, '2018-08-03', 21912),
(2426, 49, '2018-07-05', 25655),
(2427, 49, '2018-06-22', 11016),
(2428, 49, '2018-06-29', 18816),
(2429, 49, '2018-07-17', 10498),
(2430, 49, '2018-08-11', 13290),
(2431, 49, '2018-07-29', 8947),
(2432, 49, '2018-08-10', 18578),
(2433, 49, '2018-08-08', 9243),
(2434, 49, '2018-08-11', 8565),
(2435, 49, '2018-08-04', 15825),
(2436, 49, '2018-08-29', 11092),
(2437, 49, '2018-08-02', 10228),
(2438, 49, '2018-06-15', 32161),
(2439, 49, '2018-07-09', 16543),
(2440, 49, '2018-08-15', 3744),
(2441, 49, '2018-08-06', 22053),
(2442, 49, '2018-07-24', 15733),
(2443, 49, '2018-08-18', 25576),
(2444, 49, '2018-07-08', 25952),
(2445, 49, '2018-06-28', 24391),
(2446, 49, '2018-08-20', 24150),
(2447, 49, '2018-08-04', 18278),
(2448, 49, '2018-08-06', 32627),
(2449, 49, '2018-07-03', 31552),
(2450, 49, '2018-08-20', 7205),
(2451, 50, '2018-07-11', 33002),
(2452, 50, '2018-08-26', 25625),
(2453, 50, '2018-08-06', 21249),
(2454, 50, '2018-06-16', 26706),
(2455, 50, '2018-06-13', 15561),
(2456, 50, '2018-07-16', 18672),
(2457, 50, '2018-08-03', 33567),
(2458, 50, '2018-06-23', 33286),
(2459, 50, '2018-07-29', 18260),
(2460, 50, '2018-06-18', 25474),
(2461, 50, '2018-08-13', 8018),
(2462, 50, '2018-07-21', 15420),
(2463, 50, '2018-08-07', 17878),
(2464, 50, '2018-07-10', 28762),
(2465, 50, '2018-08-19', 28868),
(2466, 50, '2018-07-10', 3443),
(2467, 50, '2018-08-02', 3281),
(2468, 50, '2018-06-30', 3754),
(2469, 50, '2018-08-13', 15629),
(2470, 50, '2018-08-05', 13198),
(2471, 50, '2018-07-12', 11625),
(2472, 50, '2018-07-26', 21707),
(2473, 50, '2018-07-17', 4158),
(2474, 50, '2018-08-03', 9337),
(2475, 50, '2018-08-04', 6540),
(2476, 50, '2018-08-25', 31748),
(2477, 50, '2018-06-26', 25956),
(2478, 50, '2018-08-18', 29241),
(2479, 50, '2018-08-13', 7344),
(2480, 50, '2018-07-26', 33284),
(2481, 50, '2018-07-15', 12221),
(2482, 50, '2018-08-13', 14260),
(2483, 50, '2018-08-26', 7635),
(2484, 50, '2018-06-22', 4448),
(2485, 50, '2018-06-14', 32158),
(2486, 50, '2018-08-13', 4024),
(2487, 50, '2018-07-03', 13117),
(2488, 50, '2018-06-25', 23027),
(2489, 50, '2018-06-22', 24859),
(2490, 50, '2018-07-22', 33023),
(2491, 50, '2018-06-24', 23703),
(2492, 50, '2018-07-05', 12401),
(2493, 50, '2018-08-21', 20309),
(2494, 50, '2018-08-04', 13511),
(2495, 50, '2018-07-10', 25268),
(2496, 50, '2018-07-26', 22668),
(2497, 50, '2018-08-24', 20685),
(2498, 50, '2018-08-04', 19668),
(2499, 50, '2018-08-28', 7264),
(2500, 50, '2018-07-19', 20559),
(2501, 51, '2018-07-10', 5113),
(2502, 51, '2018-08-06', 12005),
(2503, 51, '2018-07-12', 34789),
(2504, 51, '2018-08-03', 25107),
(2505, 51, '2018-08-09', 29073),
(2506, 51, '2018-08-28', 8275),
(2507, 51, '2018-07-22', 4411),
(2508, 51, '2018-06-28', 11148),
(2509, 51, '2018-06-14', 20852),
(2510, 51, '2018-08-27', 8832),
(2511, 51, '2018-08-26', 25416),
(2512, 51, '2018-06-16', 16860),
(2513, 51, '2018-06-25', 15146),
(2514, 51, '2018-08-04', 14391),
(2515, 51, '2018-08-25', 14039),
(2516, 51, '2018-07-21', 34826),
(2517, 51, '2018-08-01', 10923),
(2518, 51, '2018-07-27', 12633),
(2519, 51, '2018-08-14', 11484),
(2520, 51, '2018-08-17', 12927),
(2521, 51, '2018-07-17', 6575),
(2522, 51, '2018-08-18', 29731),
(2523, 51, '2018-07-24', 14939),
(2524, 51, '2018-08-24', 23205),
(2525, 51, '2018-06-12', 5712),
(2526, 51, '2018-08-05', 12367),
(2527, 51, '2018-08-18', 6205),
(2528, 51, '2018-08-09', 9979),
(2529, 51, '2018-08-19', 27329),
(2530, 51, '2018-07-14', 10011),
(2531, 51, '2018-08-29', 19112),
(2532, 51, '2018-08-20', 4334),
(2533, 51, '2018-08-04', 8421),
(2534, 51, '2018-08-10', 13940),
(2535, 51, '2018-08-09', 19776),
(2536, 51, '2018-08-04', 11225),
(2537, 51, '2018-07-16', 22932),
(2538, 51, '2018-08-21', 32598),
(2539, 51, '2018-07-21', 9824),
(2540, 51, '2018-08-21', 12329),
(2541, 51, '2018-08-08', 19619),
(2542, 51, '2018-08-09', 18452),
(2543, 51, '2018-06-26', 14460),
(2544, 51, '2018-07-28', 16809),
(2545, 51, '2018-07-30', 30071),
(2546, 51, '2018-08-07', 4005),
(2547, 51, '2018-08-28', 28393),
(2548, 51, '2018-08-05', 3683),
(2549, 51, '2018-08-15', 25777),
(2550, 51, '2018-08-13', 28794),
(2551, 52, '2018-08-07', 14678),
(2552, 52, '2018-07-02', 32134),
(2553, 52, '2018-08-30', 33214),
(2554, 52, '2018-08-23', 29607),
(2555, 52, '2018-07-02', 33550),
(2556, 52, '2018-08-28', 13688),
(2557, 52, '2018-08-09', 25511),
(2558, 52, '2018-08-16', 6708),
(2559, 52, '2018-06-23', 30616),
(2560, 52, '2018-08-04', 30350),
(2561, 52, '2018-06-23', 34390),
(2562, 52, '2018-08-23', 29062),
(2563, 52, '2018-08-13', 31421),
(2564, 52, '2018-07-12', 12691),
(2565, 52, '2018-08-01', 7409),
(2566, 52, '2018-07-03', 14551),
(2567, 52, '2018-08-16', 32989),
(2568, 52, '2018-06-28', 4909),
(2569, 52, '2018-08-10', 18246),
(2570, 52, '2018-08-06', 28457),
(2571, 52, '2018-07-15', 22331),
(2572, 52, '2018-08-20', 14558),
(2573, 52, '2018-07-20', 16222),
(2574, 52, '2018-08-11', 25550),
(2575, 52, '2018-08-01', 33122),
(2576, 52, '2018-08-02', 3547),
(2577, 52, '2018-08-22', 31951),
(2578, 52, '2018-08-16', 5699),
(2579, 52, '2018-08-04', 3185),
(2580, 52, '2018-06-28', 32438),
(2581, 52, '2018-08-25', 17892),
(2582, 52, '2018-07-22', 10800),
(2583, 52, '2018-08-26', 34259),
(2584, 52, '2018-08-29', 7082),
(2585, 52, '2018-07-02', 14557),
(2586, 52, '2018-06-29', 25314),
(2587, 52, '2018-06-20', 32638),
(2588, 52, '2018-06-15', 26736),
(2589, 52, '2018-06-13', 27606),
(2590, 52, '2018-08-10', 21534),
(2591, 52, '2018-08-05', 25645),
(2592, 52, '2018-07-21', 19163),
(2593, 52, '2018-08-31', 32494),
(2594, 52, '2018-07-13', 13606),
(2595, 52, '2018-07-18', 26816),
(2596, 52, '2018-07-25', 17289),
(2597, 52, '2018-06-12', 31314),
(2598, 52, '2018-08-23', 14498),
(2599, 52, '2018-07-02', 9785),
(2600, 52, '2018-08-12', 4916),
(2601, 53, '2018-08-18', 16500),
(2602, 53, '2018-07-01', 6511),
(2603, 53, '2018-06-25', 12353),
(2604, 53, '2018-08-27', 20565),
(2605, 53, '2018-07-04', 34792),
(2606, 53, '2018-07-24', 18979),
(2607, 53, '2018-08-03', 15280),
(2608, 53, '2018-08-28', 7481),
(2609, 53, '2018-07-25', 19630),
(2610, 53, '2018-08-04', 21523),
(2611, 53, '2018-06-21', 14683),
(2612, 53, '2018-08-10', 22910),
(2613, 53, '2018-06-21', 21422),
(2614, 53, '2018-07-22', 18343),
(2615, 53, '2018-08-30', 8128),
(2616, 53, '2018-06-20', 26097),
(2617, 53, '2018-07-04', 29541),
(2618, 53, '2018-08-21', 3417),
(2619, 53, '2018-07-16', 33207),
(2620, 53, '2018-08-17', 4377),
(2621, 53, '2018-08-14', 18234),
(2622, 53, '2018-07-12', 29244),
(2623, 53, '2018-08-21', 26148),
(2624, 53, '2018-08-18', 31116),
(2625, 53, '2018-07-26', 27615),
(2626, 53, '2018-08-01', 24311),
(2627, 53, '2018-08-20', 29551),
(2628, 53, '2018-08-27', 20558),
(2629, 53, '2018-07-22', 15076),
(2630, 53, '2018-08-06', 15629),
(2631, 53, '2018-08-30', 17638),
(2632, 53, '2018-08-04', 32177),
(2633, 53, '2018-08-31', 28072),
(2634, 53, '2018-06-19', 11495),
(2635, 53, '2018-08-01', 20781),
(2636, 53, '2018-08-17', 34887),
(2637, 53, '2018-07-21', 11433),
(2638, 53, '2018-06-26', 29746),
(2639, 53, '2018-08-28', 3657),
(2640, 53, '2018-08-29', 8276),
(2641, 53, '2018-07-30', 13228),
(2642, 53, '2018-08-11', 13613),
(2643, 53, '2018-07-05', 9775),
(2644, 53, '2018-07-17', 19987),
(2645, 53, '2018-06-29', 30332),
(2646, 53, '2018-08-22', 6672),
(2647, 53, '2018-06-25', 10614),
(2648, 53, '2018-07-28', 28531),
(2649, 53, '2018-07-24', 21044),
(2650, 53, '2018-07-07', 23013),
(2651, 54, '2018-08-15', 30861),
(2652, 54, '2018-08-18', 34696),
(2653, 54, '2018-08-25', 4354),
(2654, 54, '2018-07-07', 33406),
(2655, 54, '2018-06-26', 32689),
(2656, 54, '2018-06-23', 17237),
(2657, 54, '2018-08-17', 32054),
(2658, 54, '2018-08-17', 32446),
(2659, 54, '2018-07-17', 24039),
(2660, 54, '2018-08-13', 22767),
(2661, 54, '2018-08-28', 11776),
(2662, 54, '2018-07-06', 24124),
(2663, 54, '2018-07-08', 19509),
(2664, 54, '2018-06-30', 28625),
(2665, 54, '2018-07-12', 10701),
(2666, 54, '2018-07-02', 18392),
(2667, 54, '2018-08-01', 7159),
(2668, 54, '2018-08-18', 5560),
(2669, 54, '2018-08-11', 9177),
(2670, 54, '2018-08-12', 14932),
(2671, 54, '2018-07-27', 25131),
(2672, 54, '2018-08-06', 34998),
(2673, 54, '2018-07-08', 14887),
(2674, 54, '2018-06-16', 16211),
(2675, 54, '2018-07-29', 3753),
(2676, 54, '2018-08-22', 23029),
(2677, 54, '2018-08-26', 14296),
(2678, 54, '2018-07-25', 4814),
(2679, 54, '2018-07-17', 18702),
(2680, 54, '2018-08-15', 27516),
(2681, 54, '2018-08-24', 23557),
(2682, 54, '2018-06-30', 10031),
(2683, 54, '2018-08-07', 24583),
(2684, 54, '2018-07-02', 6299),
(2685, 54, '2018-07-21', 20450),
(2686, 54, '2018-08-27', 4955),
(2687, 54, '2018-07-23', 32538),
(2688, 54, '2018-08-25', 19152),
(2689, 54, '2018-07-22', 9490),
(2690, 54, '2018-07-22', 12582),
(2691, 54, '2018-07-06', 26291),
(2692, 54, '2018-07-08', 21392),
(2693, 54, '2018-08-30', 26509),
(2694, 54, '2018-07-27', 29109),
(2695, 54, '2018-08-08', 21911),
(2696, 54, '2018-08-22', 31030),
(2697, 54, '2018-08-28', 14720),
(2698, 54, '2018-08-23', 26242),
(2699, 54, '2018-08-18', 33714),
(2700, 54, '2018-07-24', 4848),
(2701, 55, '2018-07-04', 6320),
(2702, 55, '2018-08-10', 25866),
(2703, 55, '2018-08-07', 31999),
(2704, 55, '2018-07-15', 15644),
(2705, 55, '2018-08-09', 8787),
(2706, 55, '2018-06-28', 34015),
(2707, 55, '2018-08-09', 21729),
(2708, 55, '2018-07-21', 7443),
(2709, 55, '2018-08-25', 29005),
(2710, 55, '2018-08-26', 14916),
(2711, 55, '2018-08-05', 32209),
(2712, 55, '2018-08-03', 24743),
(2713, 55, '2018-07-03', 4104),
(2714, 55, '2018-08-10', 6999),
(2715, 55, '2018-08-23', 28128),
(2716, 55, '2018-08-09', 21190),
(2717, 55, '2018-07-20', 13044),
(2718, 55, '2018-08-13', 18721),
(2719, 55, '2018-07-23', 14284),
(2720, 55, '2018-08-23', 30796),
(2721, 55, '2018-08-15', 14861),
(2722, 55, '2018-08-18', 24764),
(2723, 55, '2018-07-23', 16311),
(2724, 55, '2018-06-19', 3272),
(2725, 55, '2018-08-25', 33737),
(2726, 55, '2018-08-25', 23646),
(2727, 55, '2018-06-23', 12498),
(2728, 55, '2018-08-01', 15507),
(2729, 55, '2018-07-26', 20359),
(2730, 55, '2018-08-09', 19942),
(2731, 55, '2018-07-15', 14461),
(2732, 55, '2018-08-04', 28678),
(2733, 55, '2018-06-13', 18270),
(2734, 55, '2018-08-18', 3071),
(2735, 55, '2018-08-16', 15061),
(2736, 55, '2018-06-23', 34036),
(2737, 55, '2018-08-09', 20498),
(2738, 55, '2018-08-16', 8379),
(2739, 55, '2018-08-16', 17874),
(2740, 55, '2018-08-06', 14975),
(2741, 55, '2018-08-22', 5225),
(2742, 55, '2018-08-22', 13096),
(2743, 55, '2018-08-20', 11511),
(2744, 55, '2018-07-30', 20779),
(2745, 55, '2018-08-22', 33502),
(2746, 55, '2018-07-15', 13323),
(2747, 55, '2018-07-02', 24289),
(2748, 55, '2018-08-17', 15735),
(2749, 55, '2018-08-25', 33795),
(2750, 55, '2018-06-30', 3907),
(2751, 56, '2018-08-12', 26384),
(2752, 56, '2018-08-16', 11307),
(2753, 56, '2018-06-22', 31434),
(2754, 56, '2018-07-26', 29945),
(2755, 56, '2018-06-14', 8907),
(2756, 56, '2018-08-21', 16573),
(2757, 56, '2018-07-02', 15424),
(2758, 56, '2018-08-04', 12922),
(2759, 56, '2018-08-10', 25979),
(2760, 56, '2018-07-12', 6038),
(2761, 56, '2018-08-20', 10994),
(2762, 56, '2018-06-28', 33322),
(2763, 56, '2018-07-25', 4860),
(2764, 56, '2018-07-19', 20797),
(2765, 56, '2018-06-27', 8139),
(2766, 56, '2018-08-30', 14154),
(2767, 56, '2018-07-27', 5019),
(2768, 56, '2018-07-18', 13819),
(2769, 56, '2018-08-12', 25575),
(2770, 56, '2018-08-11', 16216),
(2771, 56, '2018-08-08', 29251),
(2772, 56, '2018-07-19', 12225),
(2773, 56, '2018-08-20', 26577),
(2774, 56, '2018-08-19', 21193),
(2775, 56, '2018-08-22', 3604),
(2776, 56, '2018-08-01', 16445),
(2777, 56, '2018-06-12', 26909),
(2778, 56, '2018-08-07', 33015),
(2779, 56, '2018-06-25', 31120),
(2780, 56, '2018-08-01', 30194),
(2781, 56, '2018-08-24', 17903),
(2782, 56, '2018-07-14', 32051),
(2783, 56, '2018-08-18', 10730),
(2784, 56, '2018-08-17', 4006),
(2785, 56, '2018-08-28', 32268),
(2786, 56, '2018-08-29', 24341),
(2787, 56, '2018-07-31', 8198),
(2788, 56, '2018-07-01', 16903),
(2789, 56, '2018-06-19', 23744),
(2790, 56, '2018-08-08', 4863),
(2791, 56, '2018-08-03', 14466),
(2792, 56, '2018-06-15', 5663),
(2793, 56, '2018-07-04', 9468),
(2794, 56, '2018-06-25', 32220),
(2795, 56, '2018-07-21', 28358),
(2796, 56, '2018-08-22', 12454),
(2797, 56, '2018-08-07', 29792),
(2798, 56, '2018-07-25', 14977),
(2799, 56, '2018-07-12', 6950),
(2800, 56, '2018-08-08', 19369),
(2801, 57, '2018-07-27', 5491),
(2802, 57, '2018-08-31', 17935),
(2803, 57, '2018-08-29', 4152),
(2804, 57, '2018-08-29', 28961),
(2805, 57, '2018-08-29', 6086),
(2806, 57, '2018-07-06', 28869),
(2807, 57, '2018-06-17', 10031),
(2808, 57, '2018-08-18', 18758),
(2809, 57, '2018-06-30', 32552),
(2810, 57, '2018-08-05', 33701),
(2811, 57, '2018-07-30', 14536),
(2812, 57, '2018-08-14', 14675),
(2813, 57, '2018-07-18', 14773),
(2814, 57, '2018-06-16', 4672),
(2815, 57, '2018-07-25', 8709),
(2816, 57, '2018-08-15', 27203),
(2817, 57, '2018-08-02', 26222),
(2818, 57, '2018-08-09', 23723),
(2819, 57, '2018-06-14', 29896),
(2820, 57, '2018-08-05', 4126),
(2821, 57, '2018-08-12', 15634),
(2822, 57, '2018-07-17', 6935),
(2823, 57, '2018-08-27', 26442),
(2824, 57, '2018-08-24', 31348),
(2825, 57, '2018-08-20', 17860),
(2826, 57, '2018-08-25', 4227),
(2827, 57, '2018-08-08', 13834),
(2828, 57, '2018-08-14', 15008),
(2829, 57, '2018-08-04', 32943),
(2830, 57, '2018-07-26', 23895),
(2831, 57, '2018-07-12', 27202),
(2832, 57, '2018-08-06', 21919),
(2833, 57, '2018-08-16', 26570),
(2834, 57, '2018-07-23', 28950),
(2835, 57, '2018-06-27', 30691),
(2836, 57, '2018-08-30', 17179),
(2837, 57, '2018-06-24', 10490),
(2838, 57, '2018-07-08', 33046),
(2839, 57, '2018-08-29', 32590),
(2840, 57, '2018-08-07', 15444),
(2841, 57, '2018-07-06', 32822),
(2842, 57, '2018-07-31', 18204),
(2843, 57, '2018-08-13', 16916),
(2844, 57, '2018-08-10', 7247),
(2845, 57, '2018-08-20', 22595),
(2846, 57, '2018-08-18', 31052),
(2847, 57, '2018-07-13', 33223),
(2848, 57, '2018-07-03', 3108),
(2849, 57, '2018-08-06', 17969),
(2850, 57, '2018-08-01', 10750),
(2851, 58, '2018-08-30', 10940),
(2852, 58, '2018-08-23', 16188),
(2853, 58, '2018-07-10', 6148),
(2854, 58, '2018-07-27', 29247),
(2855, 58, '2018-08-27', 12378),
(2856, 58, '2018-08-23', 28405),
(2857, 58, '2018-08-04', 5770),
(2858, 58, '2018-08-03', 33040),
(2859, 58, '2018-08-21', 10770),
(2860, 58, '2018-08-18', 18097),
(2861, 58, '2018-07-21', 8485),
(2862, 58, '2018-06-19', 14142),
(2863, 58, '2018-08-25', 33237),
(2864, 58, '2018-08-20', 5835),
(2865, 58, '2018-06-20', 14081),
(2866, 58, '2018-06-25', 32468),
(2867, 58, '2018-08-22', 8071),
(2868, 58, '2018-08-13', 30475),
(2869, 58, '2018-08-03', 17826),
(2870, 58, '2018-06-20', 29203),
(2871, 58, '2018-07-11', 9646),
(2872, 58, '2018-07-13', 34847),
(2873, 58, '2018-07-07', 21715),
(2874, 58, '2018-07-05', 21082),
(2875, 58, '2018-06-12', 3450),
(2876, 58, '2018-07-17', 19401),
(2877, 58, '2018-08-24', 21960),
(2878, 58, '2018-08-05', 7524),
(2879, 58, '2018-07-05', 12866),
(2880, 58, '2018-08-26', 13172),
(2881, 58, '2018-07-20', 24735),
(2882, 58, '2018-08-21', 19317),
(2883, 58, '2018-06-24', 3860),
(2884, 58, '2018-08-14', 15236),
(2885, 58, '2018-08-11', 19511),
(2886, 58, '2018-07-31', 12251),
(2887, 58, '2018-08-12', 26177),
(2888, 58, '2018-07-09', 20912),
(2889, 58, '2018-06-28', 6221),
(2890, 58, '2018-08-19', 23136),
(2891, 58, '2018-08-06', 30931),
(2892, 58, '2018-07-03', 5077),
(2893, 58, '2018-07-07', 18613),
(2894, 58, '2018-06-22', 23135),
(2895, 58, '2018-07-27', 32138),
(2896, 58, '2018-08-05', 16934),
(2897, 58, '2018-08-16', 14878),
(2898, 58, '2018-08-16', 20148),
(2899, 58, '2018-08-12', 30837),
(2900, 58, '2018-08-22', 10021),
(2901, 59, '2018-08-15', 4181),
(2902, 59, '2018-08-30', 34036),
(2903, 59, '2018-07-12', 19931),
(2904, 59, '2018-08-16', 7683),
(2905, 59, '2018-07-16', 11533),
(2906, 59, '2018-08-01', 10772),
(2907, 59, '2018-07-22', 27541),
(2908, 59, '2018-07-12', 13076),
(2909, 59, '2018-06-18', 15656),
(2910, 59, '2018-06-23', 14602),
(2911, 59, '2018-07-16', 6161),
(2912, 59, '2018-06-22', 20730),
(2913, 59, '2018-08-20', 24139),
(2914, 59, '2018-06-19', 31493),
(2915, 59, '2018-06-13', 24343),
(2916, 59, '2018-07-01', 24879),
(2917, 59, '2018-06-23', 10364),
(2918, 59, '2018-06-24', 27849),
(2919, 59, '2018-06-19', 33392),
(2920, 59, '2018-08-15', 15460),
(2921, 59, '2018-07-19', 9420),
(2922, 59, '2018-08-09', 3284),
(2923, 59, '2018-08-07', 11662),
(2924, 59, '2018-08-22', 32483),
(2925, 59, '2018-06-25', 18744),
(2926, 59, '2018-08-14', 23248),
(2927, 59, '2018-08-23', 16877),
(2928, 59, '2018-06-28', 22926),
(2929, 59, '2018-07-25', 14570),
(2930, 59, '2018-08-07', 30147),
(2931, 59, '2018-06-19', 13924),
(2932, 59, '2018-08-31', 28694),
(2933, 59, '2018-08-19', 14818),
(2934, 59, '2018-07-08', 20670),
(2935, 59, '2018-08-11', 26039),
(2936, 59, '2018-07-17', 20932),
(2937, 59, '2018-08-28', 31294),
(2938, 59, '2018-08-09', 4934),
(2939, 59, '2018-06-26', 17614),
(2940, 59, '2018-08-21', 23742),
(2941, 59, '2018-06-25', 34587),
(2942, 59, '2018-06-30', 22175),
(2943, 59, '2018-08-26', 3292),
(2944, 59, '2018-08-06', 11827),
(2945, 59, '2018-08-27', 23201),
(2946, 59, '2018-08-22', 13728),
(2947, 59, '2018-08-24', 14136),
(2948, 59, '2018-08-22', 20458),
(2949, 59, '2018-07-13', 13695),
(2950, 59, '2018-06-26', 33975),
(2951, 60, '2018-07-13', 30001),
(2952, 60, '2018-08-23', 22356),
(2953, 60, '2018-08-28', 31176),
(2954, 60, '2018-08-09', 20372),
(2955, 60, '2018-08-26', 6024),
(2956, 60, '2018-07-07', 4876),
(2957, 60, '2018-06-17', 25361),
(2958, 60, '2018-07-25', 28686),
(2959, 60, '2018-06-29', 12470),
(2960, 60, '2018-08-24', 12617),
(2961, 60, '2018-08-02', 23235),
(2962, 60, '2018-07-10', 29956),
(2963, 60, '2018-08-08', 22252),
(2964, 60, '2018-08-13', 21618),
(2965, 60, '2018-08-28', 8180),
(2966, 60, '2018-08-25', 29065),
(2967, 60, '2018-08-18', 3942),
(2968, 60, '2018-07-17', 10688),
(2969, 60, '2018-08-12', 12313),
(2970, 60, '2018-06-30', 21119),
(2971, 60, '2018-07-22', 18447),
(2972, 60, '2018-07-14', 25840),
(2973, 60, '2018-07-13', 28269),
(2974, 60, '2018-08-04', 20542),
(2975, 60, '2018-06-30', 24427),
(2976, 60, '2018-06-24', 22069),
(2977, 60, '2018-07-17', 31648),
(2978, 60, '2018-08-05', 32477),
(2979, 60, '2018-08-26', 29435),
(2980, 60, '2018-08-04', 3152),
(2981, 60, '2018-06-19', 27480),
(2982, 60, '2018-07-02', 13098),
(2983, 60, '2018-08-11', 22652),
(2984, 60, '2018-08-20', 34226),
(2985, 60, '2018-08-05', 22476),
(2986, 60, '2018-07-25', 18326),
(2987, 60, '2018-08-28', 16128),
(2988, 60, '2018-08-23', 7100),
(2989, 60, '2018-07-18', 14389),
(2990, 60, '2018-08-01', 16064),
(2991, 60, '2018-08-14', 20535),
(2992, 60, '2018-06-26', 28219),
(2993, 60, '2018-08-05', 19417),
(2994, 60, '2018-07-30', 14361),
(2995, 60, '2018-08-01', 23195),
(2996, 60, '2018-08-14', 14420),
(2997, 60, '2018-07-06', 18809),
(2998, 60, '2018-07-16', 31851),
(2999, 60, '2018-07-23', 9860),
(3000, 60, '2018-07-15', 14396),
(3001, 61, '2018-06-26', 19197),
(3002, 61, '2018-06-18', 18915),
(3003, 61, '2018-06-12', 6078),
(3004, 61, '2018-08-04', 19381),
(3005, 61, '2018-06-13', 15853),
(3006, 61, '2018-08-17', 25349),
(3007, 61, '2018-07-26', 28391),
(3008, 61, '2018-08-18', 9253),
(3009, 61, '2018-07-05', 5745),
(3010, 61, '2018-08-21', 31166),
(3011, 61, '2018-07-12', 14357),
(3012, 61, '2018-08-31', 29934),
(3013, 61, '2018-06-22', 18158),
(3014, 61, '2018-07-17', 9915),
(3015, 61, '2018-08-27', 11782),
(3016, 61, '2018-07-16', 15644),
(3017, 61, '2018-08-12', 26918),
(3018, 61, '2018-08-27', 8117),
(3019, 61, '2018-07-07', 28632),
(3020, 61, '2018-07-04', 19970),
(3021, 61, '2018-08-15', 23757),
(3022, 61, '2018-07-05', 10425),
(3023, 61, '2018-08-07', 27909),
(3024, 61, '2018-08-27', 27633),
(3025, 61, '2018-08-04', 3594),
(3026, 61, '2018-08-23', 9071),
(3027, 61, '2018-08-15', 25449),
(3028, 61, '2018-08-31', 5426),
(3029, 61, '2018-08-17', 23772),
(3030, 61, '2018-06-21', 18420),
(3031, 61, '2018-06-18', 22591),
(3032, 61, '2018-08-13', 12983),
(3033, 61, '2018-08-13', 25559),
(3034, 61, '2018-07-21', 21535),
(3035, 61, '2018-08-26', 3146),
(3036, 61, '2018-07-06', 27509),
(3037, 61, '2018-08-01', 20324),
(3038, 61, '2018-08-28', 31212),
(3039, 61, '2018-07-10', 19165),
(3040, 61, '2018-08-24', 33009),
(3041, 61, '2018-08-20', 24319),
(3042, 61, '2018-08-21', 21184),
(3043, 61, '2018-08-14', 31166),
(3044, 61, '2018-08-12', 21484),
(3045, 61, '2018-07-12', 28695),
(3046, 61, '2018-08-05', 32606),
(3047, 61, '2018-08-27', 20654),
(3048, 61, '2018-08-10', 25079),
(3049, 61, '2018-08-20', 25218),
(3050, 61, '2018-07-26', 31793),
(3051, 62, '2018-08-04', 5967),
(3052, 62, '2018-08-01', 14822),
(3053, 62, '2018-08-13', 31116),
(3054, 62, '2018-08-15', 26121),
(3055, 62, '2018-08-19', 15959),
(3056, 62, '2018-08-15', 16982),
(3057, 62, '2018-08-06', 18267),
(3058, 62, '2018-07-15', 18777),
(3059, 62, '2018-07-26', 21765),
(3060, 62, '2018-06-14', 32594),
(3061, 62, '2018-08-26', 20097),
(3062, 62, '2018-08-17', 8730),
(3063, 62, '2018-08-29', 18465),
(3064, 62, '2018-07-06', 9425),
(3065, 62, '2018-07-18', 34703),
(3066, 62, '2018-07-10', 15882),
(3067, 62, '2018-06-29', 16485),
(3068, 62, '2018-07-01', 19262),
(3069, 62, '2018-08-29', 26970),
(3070, 62, '2018-08-06', 6892),
(3071, 62, '2018-08-12', 17799),
(3072, 62, '2018-08-12', 18808),
(3073, 62, '2018-07-23', 21200),
(3074, 62, '2018-08-21', 3549),
(3075, 62, '2018-08-07', 28078),
(3076, 62, '2018-08-03', 33994),
(3077, 62, '2018-08-29', 21844),
(3078, 62, '2018-07-30', 9318),
(3079, 62, '2018-06-20', 11364),
(3080, 62, '2018-08-20', 12770),
(3081, 62, '2018-06-25', 6298),
(3082, 62, '2018-07-21', 6083),
(3083, 62, '2018-08-19', 6591),
(3084, 62, '2018-07-26', 6010),
(3085, 62, '2018-08-06', 10539),
(3086, 62, '2018-07-06', 19103),
(3087, 62, '2018-08-30', 28786),
(3088, 62, '2018-06-24', 14342),
(3089, 62, '2018-08-08', 32964),
(3090, 62, '2018-07-08', 16738),
(3091, 62, '2018-08-31', 25753),
(3092, 62, '2018-08-09', 19244),
(3093, 62, '2018-08-01', 4326),
(3094, 62, '2018-08-09', 3691),
(3095, 62, '2018-08-04', 9738),
(3096, 62, '2018-08-15', 22593),
(3097, 62, '2018-08-21', 15881),
(3098, 62, '2018-08-05', 22769),
(3099, 62, '2018-06-28', 9362),
(3100, 62, '2018-06-23', 5716),
(3101, 63, '2018-06-12', 9673),
(3102, 63, '2018-07-17', 13113),
(3103, 63, '2018-08-04', 20564),
(3104, 63, '2018-08-30', 22637),
(3105, 63, '2018-06-28', 31072),
(3106, 63, '2018-08-06', 20029),
(3107, 63, '2018-08-25', 20524),
(3108, 63, '2018-08-21', 6512),
(3109, 63, '2018-07-13', 22412),
(3110, 63, '2018-07-13', 20072),
(3111, 63, '2018-08-09', 7082),
(3112, 63, '2018-07-21', 7853),
(3113, 63, '2018-08-21', 28865),
(3114, 63, '2018-07-21', 22796),
(3115, 63, '2018-08-06', 25824),
(3116, 63, '2018-08-24', 15681),
(3117, 63, '2018-06-24', 10121),
(3118, 63, '2018-08-16', 10180),
(3119, 63, '2018-07-15', 28229),
(3120, 63, '2018-07-03', 10779),
(3121, 63, '2018-07-30', 4202),
(3122, 63, '2018-07-23', 14983),
(3123, 63, '2018-07-03', 30071),
(3124, 63, '2018-07-21', 5616),
(3125, 63, '2018-08-23', 24931),
(3126, 63, '2018-07-27', 16741),
(3127, 63, '2018-08-11', 30526),
(3128, 63, '2018-08-15', 33591),
(3129, 63, '2018-08-20', 30647),
(3130, 63, '2018-08-01', 23647),
(3131, 63, '2018-07-29', 33852),
(3132, 63, '2018-08-19', 11499),
(3133, 63, '2018-08-07', 32103),
(3134, 63, '2018-08-20', 3500),
(3135, 63, '2018-06-13', 25883),
(3136, 63, '2018-08-09', 29333),
(3137, 63, '2018-06-27', 3270),
(3138, 63, '2018-08-02', 31593),
(3139, 63, '2018-08-18', 31690),
(3140, 63, '2018-06-27', 19032),
(3141, 63, '2018-07-14', 28855),
(3142, 63, '2018-07-21', 24879),
(3143, 63, '2018-07-18', 5952),
(3144, 63, '2018-08-24', 13912),
(3145, 63, '2018-06-17', 34999),
(3146, 63, '2018-08-23', 13455),
(3147, 63, '2018-07-06', 6207),
(3148, 63, '2018-06-18', 16997),
(3149, 63, '2018-07-15', 32839),
(3150, 63, '2018-08-29', 25887),
(3151, 64, '2018-08-19', 33689),
(3152, 64, '2018-07-29', 24864),
(3153, 64, '2018-08-06', 3556),
(3154, 64, '2018-08-01', 5891),
(3155, 64, '2018-08-16', 15356),
(3156, 64, '2018-07-07', 27962),
(3157, 64, '2018-07-18', 13650),
(3158, 64, '2018-08-11', 19742),
(3159, 64, '2018-08-10', 22243),
(3160, 64, '2018-08-21', 29679),
(3161, 64, '2018-08-29', 14641),
(3162, 64, '2018-07-17', 4540),
(3163, 64, '2018-07-30', 28277),
(3164, 64, '2018-08-09', 25748),
(3165, 64, '2018-08-13', 18898),
(3166, 64, '2018-08-21', 11033),
(3167, 64, '2018-08-29', 14236),
(3168, 64, '2018-08-12', 17168),
(3169, 64, '2018-07-03', 28134),
(3170, 64, '2018-08-08', 3038),
(3171, 64, '2018-08-06', 5530),
(3172, 64, '2018-06-28', 4499),
(3173, 64, '2018-08-19', 15135),
(3174, 64, '2018-06-27', 29154),
(3175, 64, '2018-07-10', 6816),
(3176, 64, '2018-08-05', 24187),
(3177, 64, '2018-08-29', 11620),
(3178, 64, '2018-08-18', 14833),
(3179, 64, '2018-06-17', 6800),
(3180, 64, '2018-06-23', 7602),
(3181, 64, '2018-08-08', 13095),
(3182, 64, '2018-08-06', 3399),
(3183, 64, '2018-08-15', 15300),
(3184, 64, '2018-08-25', 26542),
(3185, 64, '2018-07-17', 27227),
(3186, 64, '2018-06-30', 4787),
(3187, 64, '2018-08-15', 12431),
(3188, 64, '2018-07-22', 4737),
(3189, 64, '2018-08-29', 22303),
(3190, 64, '2018-06-14', 11060),
(3191, 64, '2018-07-18', 21003),
(3192, 64, '2018-07-21', 26764),
(3193, 64, '2018-08-30', 4147),
(3194, 64, '2018-07-01', 11067),
(3195, 64, '2018-08-04', 6545),
(3196, 64, '2018-08-08', 4632),
(3197, 64, '2018-08-20', 14646),
(3198, 64, '2018-06-19', 34279),
(3199, 64, '2018-08-27', 21704),
(3200, 64, '2018-08-09', 30101),
(3201, 65, '2018-08-28', 6356),
(3202, 65, '2018-08-10', 4065),
(3203, 65, '2018-08-01', 33169),
(3204, 65, '2018-06-20', 16050),
(3205, 65, '2018-06-26', 29288),
(3206, 65, '2018-08-11', 15347),
(3207, 65, '2018-07-07', 15878),
(3208, 65, '2018-08-25', 5689),
(3209, 65, '2018-07-19', 14045),
(3210, 65, '2018-08-19', 28231),
(3211, 65, '2018-08-22', 9354),
(3212, 65, '2018-07-11', 11440),
(3213, 65, '2018-08-06', 17347),
(3214, 65, '2018-07-16', 5357),
(3215, 65, '2018-06-19', 23616),
(3216, 65, '2018-08-28', 7265),
(3217, 65, '2018-06-16', 23377),
(3218, 65, '2018-08-01', 12031),
(3219, 65, '2018-08-02', 8228),
(3220, 65, '2018-07-22', 20156),
(3221, 65, '2018-06-14', 12520),
(3222, 65, '2018-08-23', 33634),
(3223, 65, '2018-08-08', 33172),
(3224, 65, '2018-08-24', 21283),
(3225, 65, '2018-07-07', 14800),
(3226, 65, '2018-08-28', 8644),
(3227, 65, '2018-06-19', 10550),
(3228, 65, '2018-08-17', 16119),
(3229, 65, '2018-08-12', 17505),
(3230, 65, '2018-08-29', 26143),
(3231, 65, '2018-08-19', 29526),
(3232, 65, '2018-06-15', 12939),
(3233, 65, '2018-08-26', 25662),
(3234, 65, '2018-07-06', 17108),
(3235, 65, '2018-07-17', 25131),
(3236, 65, '2018-06-22', 9148),
(3237, 65, '2018-08-23', 12229),
(3238, 65, '2018-07-14', 5362),
(3239, 65, '2018-08-01', 28433),
(3240, 65, '2018-08-29', 27291),
(3241, 65, '2018-06-28', 33382),
(3242, 65, '2018-08-30', 25198),
(3243, 65, '2018-08-12', 16043),
(3244, 65, '2018-08-03', 26465),
(3245, 65, '2018-06-20', 30300),
(3246, 65, '2018-07-24', 6627),
(3247, 65, '2018-07-08', 30732),
(3248, 65, '2018-06-14', 22259),
(3249, 65, '2018-08-06', 24745),
(3250, 65, '2018-06-30', 19491),
(3251, 66, '2018-08-29', 13284),
(3252, 66, '2018-07-08', 7492),
(3253, 66, '2018-06-29', 24002),
(3254, 66, '2018-08-01', 25446),
(3255, 66, '2018-07-13', 20184),
(3256, 66, '2018-06-26', 8381),
(3257, 66, '2018-08-21', 6686),
(3258, 66, '2018-07-25', 29660),
(3259, 66, '2018-08-03', 9741),
(3260, 66, '2018-07-31', 24305),
(3261, 66, '2018-07-28', 29822),
(3262, 66, '2018-07-13', 31931),
(3263, 66, '2018-07-29', 22559),
(3264, 66, '2018-07-17', 34151),
(3265, 66, '2018-08-04', 14898),
(3266, 66, '2018-08-06', 21697),
(3267, 66, '2018-08-08', 26722),
(3268, 66, '2018-08-15', 15503),
(3269, 66, '2018-08-07', 34575),
(3270, 66, '2018-07-25', 3423),
(3271, 66, '2018-08-01', 34596),
(3272, 66, '2018-08-08', 32562),
(3273, 66, '2018-07-08', 24196),
(3274, 66, '2018-08-11', 18335),
(3275, 66, '2018-08-14', 19144),
(3276, 66, '2018-08-08', 21534),
(3277, 66, '2018-08-12', 22794),
(3278, 66, '2018-08-03', 5574),
(3279, 66, '2018-08-02', 7351),
(3280, 66, '2018-06-29', 21842),
(3281, 66, '2018-07-29', 7138),
(3282, 66, '2018-08-16', 11059),
(3283, 66, '2018-08-22', 13064),
(3284, 66, '2018-06-12', 7232),
(3285, 66, '2018-08-17', 31583),
(3286, 66, '2018-08-05', 9589),
(3287, 66, '2018-07-31', 27791),
(3288, 66, '2018-07-11', 11523),
(3289, 66, '2018-08-17', 5525),
(3290, 66, '2018-06-24', 30673),
(3291, 66, '2018-08-02', 31524),
(3292, 66, '2018-08-24', 32641),
(3293, 66, '2018-07-02', 33797),
(3294, 66, '2018-08-25', 14881),
(3295, 66, '2018-08-26', 17072),
(3296, 66, '2018-08-16', 32521),
(3297, 66, '2018-08-16', 8367),
(3298, 66, '2018-07-29', 7484),
(3299, 66, '2018-06-26', 26676),
(3300, 66, '2018-06-24', 11567),
(3301, 67, '2018-08-29', 6891),
(3302, 67, '2018-08-30', 9231),
(3303, 67, '2018-08-13', 16776),
(3304, 67, '2018-08-10', 20659),
(3305, 67, '2018-06-23', 16138),
(3306, 67, '2018-06-28', 31513),
(3307, 67, '2018-07-27', 10226),
(3308, 67, '2018-08-06', 4011),
(3309, 67, '2018-07-17', 31804),
(3310, 67, '2018-08-01', 33761),
(3311, 67, '2018-08-06', 15219),
(3312, 67, '2018-08-01', 11910),
(3313, 67, '2018-08-01', 29636),
(3314, 67, '2018-06-27', 11287),
(3315, 67, '2018-08-29', 33449),
(3316, 67, '2018-08-27', 4364),
(3317, 67, '2018-08-03', 17886),
(3318, 67, '2018-07-25', 12317),
(3319, 67, '2018-06-30', 30205),
(3320, 67, '2018-07-21', 10831),
(3321, 67, '2018-07-26', 15747),
(3322, 67, '2018-06-25', 4480),
(3323, 67, '2018-08-17', 30648),
(3324, 67, '2018-06-28', 14079),
(3325, 67, '2018-08-06', 9620),
(3326, 67, '2018-08-28', 20355),
(3327, 67, '2018-08-19', 18264),
(3328, 67, '2018-08-24', 22989),
(3329, 67, '2018-08-06', 11714),
(3330, 67, '2018-08-26', 14334),
(3331, 67, '2018-07-17', 8460),
(3332, 67, '2018-06-18', 9159),
(3333, 67, '2018-07-07', 30393),
(3334, 67, '2018-08-06', 25898),
(3335, 67, '2018-08-23', 30886),
(3336, 67, '2018-07-06', 10936),
(3337, 67, '2018-08-25', 24864),
(3338, 67, '2018-06-30', 21134),
(3339, 67, '2018-08-13', 5773),
(3340, 67, '2018-08-04', 25126),
(3341, 67, '2018-08-16', 9553),
(3342, 67, '2018-06-28', 19691),
(3343, 67, '2018-08-07', 25554),
(3344, 67, '2018-07-13', 30387),
(3345, 67, '2018-07-28', 31671),
(3346, 67, '2018-07-12', 13690),
(3347, 67, '2018-08-29', 10569),
(3348, 67, '2018-07-08', 22818),
(3349, 67, '2018-08-21', 11822),
(3350, 67, '2018-06-24', 32079),
(3351, 68, '2018-07-02', 25415),
(3352, 68, '2018-07-22', 16940),
(3353, 68, '2018-08-19', 31265),
(3354, 68, '2018-07-06', 22655),
(3355, 68, '2018-07-28', 10423),
(3356, 68, '2018-06-15', 7589),
(3357, 68, '2018-07-09', 7392),
(3358, 68, '2018-07-27', 4314),
(3359, 68, '2018-08-06', 12820),
(3360, 68, '2018-07-27', 5054),
(3361, 68, '2018-08-17', 34817),
(3362, 68, '2018-08-26', 30460),
(3363, 68, '2018-08-23', 26856),
(3364, 68, '2018-08-09', 15298),
(3365, 68, '2018-08-27', 8144),
(3366, 68, '2018-06-23', 28733),
(3367, 68, '2018-08-12', 28147),
(3368, 68, '2018-08-11', 21922),
(3369, 68, '2018-08-03', 14158),
(3370, 68, '2018-06-24', 25442),
(3371, 68, '2018-07-09', 31903),
(3372, 68, '2018-07-02', 4560),
(3373, 68, '2018-08-12', 7785),
(3374, 68, '2018-08-26', 31307),
(3375, 68, '2018-07-01', 28200),
(3376, 68, '2018-08-01', 11099),
(3377, 68, '2018-07-15', 4559),
(3378, 68, '2018-08-12', 10879),
(3379, 68, '2018-08-10', 29410),
(3380, 68, '2018-07-20', 6695),
(3381, 68, '2018-06-29', 6965),
(3382, 68, '2018-08-20', 12261),
(3383, 68, '2018-08-20', 24975),
(3384, 68, '2018-08-17', 21875),
(3385, 68, '2018-08-19', 4507),
(3386, 68, '2018-06-16', 34518),
(3387, 68, '2018-07-21', 15993),
(3388, 68, '2018-08-24', 18008),
(3389, 68, '2018-08-24', 23362),
(3390, 68, '2018-08-27', 26678),
(3391, 68, '2018-07-21', 22335),
(3392, 68, '2018-06-25', 27690),
(3393, 68, '2018-07-05', 14738),
(3394, 68, '2018-06-13', 7897),
(3395, 68, '2018-06-15', 19184),
(3396, 68, '2018-08-05', 29959),
(3397, 68, '2018-06-12', 31607),
(3398, 68, '2018-07-24', 15165),
(3399, 68, '2018-06-18', 33754),
(3400, 68, '2018-08-21', 21412),
(3401, 69, '2018-07-21', 21106),
(3402, 69, '2018-08-30', 13039),
(3403, 69, '2018-07-27', 26911),
(3404, 69, '2018-08-03', 18636),
(3405, 69, '2018-08-24', 11300),
(3406, 69, '2018-08-15', 15328),
(3407, 69, '2018-08-12', 13490),
(3408, 69, '2018-08-03', 24450),
(3409, 69, '2018-08-14', 26747),
(3410, 69, '2018-08-28', 11096),
(3411, 69, '2018-06-27', 13291),
(3412, 69, '2018-08-20', 34846),
(3413, 69, '2018-07-02', 31408),
(3414, 69, '2018-08-06', 17058),
(3415, 69, '2018-06-19', 23814),
(3416, 69, '2018-07-01', 23256),
(3417, 69, '2018-08-02', 25014),
(3418, 69, '2018-08-17', 29019),
(3419, 69, '2018-08-04', 24977),
(3420, 69, '2018-07-21', 7266),
(3421, 69, '2018-07-27', 10443),
(3422, 69, '2018-08-21', 3341),
(3423, 69, '2018-08-23', 10892),
(3424, 69, '2018-08-12', 4929),
(3425, 69, '2018-08-01', 9784),
(3426, 69, '2018-08-02', 5361),
(3427, 69, '2018-07-03', 33371),
(3428, 69, '2018-08-16', 22607),
(3429, 69, '2018-08-16', 30543),
(3430, 69, '2018-07-13', 15257),
(3431, 69, '2018-08-11', 30238),
(3432, 69, '2018-08-17', 7178),
(3433, 69, '2018-08-08', 13955),
(3434, 69, '2018-06-21', 26726),
(3435, 69, '2018-08-01', 13689),
(3436, 69, '2018-07-01', 13878),
(3437, 69, '2018-08-10', 12281),
(3438, 69, '2018-08-20', 17723),
(3439, 69, '2018-08-01', 13242),
(3440, 69, '2018-07-09', 30998),
(3441, 69, '2018-08-08', 21926),
(3442, 69, '2018-06-29', 30732),
(3443, 69, '2018-08-14', 4706),
(3444, 69, '2018-08-26', 7057),
(3445, 69, '2018-08-04', 32251),
(3446, 69, '2018-06-18', 33366),
(3447, 69, '2018-06-13', 14611),
(3448, 69, '2018-06-14', 17805),
(3449, 69, '2018-08-26', 9707),
(3450, 69, '2018-08-29', 12820),
(3451, 70, '2018-08-21', 15525),
(3452, 70, '2018-07-27', 16946),
(3453, 70, '2018-07-31', 15207),
(3454, 70, '2018-08-16', 22018),
(3455, 70, '2018-07-25', 23825),
(3456, 70, '2018-08-21', 5206),
(3457, 70, '2018-08-01', 31975),
(3458, 70, '2018-07-05', 12787),
(3459, 70, '2018-08-12', 7936),
(3460, 70, '2018-07-01', 7598),
(3461, 70, '2018-08-11', 19128),
(3462, 70, '2018-08-28', 24000),
(3463, 70, '2018-08-03', 32444),
(3464, 70, '2018-08-05', 19146),
(3465, 70, '2018-07-17', 13675),
(3466, 70, '2018-08-28', 33388),
(3467, 70, '2018-07-28', 20341),
(3468, 70, '2018-08-07', 22316),
(3469, 70, '2018-08-05', 9354),
(3470, 70, '2018-07-03', 21400),
(3471, 70, '2018-08-06', 18896),
(3472, 70, '2018-08-07', 25325),
(3473, 70, '2018-08-17', 5772),
(3474, 70, '2018-08-10', 23780),
(3475, 70, '2018-06-17', 33595),
(3476, 70, '2018-08-17', 8656),
(3477, 70, '2018-06-29', 24254),
(3478, 70, '2018-08-29', 13467),
(3479, 70, '2018-07-07', 14075),
(3480, 70, '2018-07-09', 15245),
(3481, 70, '2018-08-12', 12532),
(3482, 70, '2018-07-10', 3685),
(3483, 70, '2018-08-04', 20429),
(3484, 70, '2018-08-11', 25583),
(3485, 70, '2018-06-26', 33638),
(3486, 70, '2018-07-28', 31256),
(3487, 70, '2018-08-12', 18550),
(3488, 70, '2018-08-18', 18431),
(3489, 70, '2018-08-25', 17034),
(3490, 70, '2018-08-10', 15529),
(3491, 70, '2018-06-13', 11898),
(3492, 70, '2018-06-22', 17167),
(3493, 70, '2018-06-26', 21516),
(3494, 70, '2018-08-20', 5643),
(3495, 70, '2018-06-26', 32781),
(3496, 70, '2018-08-06', 15719),
(3497, 70, '2018-07-14', 26096),
(3498, 70, '2018-07-24', 30227),
(3499, 70, '2018-07-28', 10834),
(3500, 70, '2018-06-26', 6511),
(3501, 71, '2018-08-19', 10150),
(3502, 71, '2018-08-18', 15264),
(3503, 71, '2018-06-27', 10385),
(3504, 71, '2018-07-07', 11627),
(3505, 71, '2018-08-02', 24894),
(3506, 71, '2018-08-28', 6271),
(3507, 71, '2018-07-11', 8807),
(3508, 71, '2018-08-31', 6173),
(3509, 71, '2018-07-18', 20697),
(3510, 71, '2018-07-08', 17327),
(3511, 71, '2018-07-21', 21146),
(3512, 71, '2018-07-07', 30969),
(3513, 71, '2018-06-30', 24756),
(3514, 71, '2018-08-12', 17217),
(3515, 71, '2018-08-06', 29012),
(3516, 71, '2018-08-03', 32695),
(3517, 71, '2018-06-19', 4355),
(3518, 71, '2018-08-16', 5858),
(3519, 71, '2018-08-10', 26667),
(3520, 71, '2018-06-28', 5111),
(3521, 71, '2018-08-04', 6557),
(3522, 71, '2018-08-04', 19169),
(3523, 71, '2018-08-29', 13638),
(3524, 71, '2018-07-08', 20843),
(3525, 71, '2018-06-17', 20577),
(3526, 71, '2018-07-21', 27074),
(3527, 71, '2018-08-29', 30115),
(3528, 71, '2018-06-26', 11091),
(3529, 71, '2018-08-30', 12758),
(3530, 71, '2018-06-17', 33981),
(3531, 71, '2018-08-18', 31450),
(3532, 71, '2018-06-30', 13642),
(3533, 71, '2018-07-23', 16764),
(3534, 71, '2018-06-30', 29842),
(3535, 71, '2018-07-04', 14207),
(3536, 71, '2018-08-10', 24640),
(3537, 71, '2018-07-17', 29319),
(3538, 71, '2018-08-11', 28589),
(3539, 71, '2018-08-10', 5438),
(3540, 71, '2018-07-09', 11338),
(3541, 71, '2018-08-08', 18089),
(3542, 71, '2018-07-14', 34031),
(3543, 71, '2018-07-22', 7528),
(3544, 71, '2018-06-17', 26689),
(3545, 71, '2018-07-05', 8808),
(3546, 71, '2018-06-24', 9213),
(3547, 71, '2018-08-10', 30608),
(3548, 71, '2018-06-28', 22403),
(3549, 71, '2018-08-18', 18803),
(3550, 71, '2018-08-06', 33620),
(3551, 72, '2018-08-24', 12144),
(3552, 72, '2018-08-04', 13632),
(3553, 72, '2018-08-21', 14877),
(3554, 72, '2018-07-07', 31669),
(3555, 72, '2018-07-21', 12767),
(3556, 72, '2018-08-01', 20950),
(3557, 72, '2018-08-29', 7074),
(3558, 72, '2018-08-07', 12022),
(3559, 72, '2018-07-20', 14823),
(3560, 72, '2018-08-04', 34622),
(3561, 72, '2018-08-21', 17370),
(3562, 72, '2018-08-16', 18784),
(3563, 72, '2018-08-22', 28860),
(3564, 72, '2018-07-01', 8712),
(3565, 72, '2018-08-15', 13767),
(3566, 72, '2018-08-28', 32536),
(3567, 72, '2018-08-01', 20926),
(3568, 72, '2018-08-19', 18726),
(3569, 72, '2018-07-05', 9039),
(3570, 72, '2018-06-16', 30315),
(3571, 72, '2018-08-28', 9852),
(3572, 72, '2018-06-24', 22674),
(3573, 72, '2018-08-08', 24801),
(3574, 72, '2018-06-29', 13692),
(3575, 72, '2018-08-11', 9495),
(3576, 72, '2018-08-22', 13115),
(3577, 72, '2018-08-24', 16670),
(3578, 72, '2018-08-11', 4274),
(3579, 72, '2018-08-19', 30928),
(3580, 72, '2018-07-26', 16249),
(3581, 72, '2018-07-30', 10894),
(3582, 72, '2018-08-20', 20025),
(3583, 72, '2018-06-16', 8624),
(3584, 72, '2018-08-11', 27410),
(3585, 72, '2018-06-28', 24590),
(3586, 72, '2018-08-21', 25458),
(3587, 72, '2018-06-20', 30559),
(3588, 72, '2018-08-24', 15240),
(3589, 72, '2018-06-13', 5073),
(3590, 72, '2018-06-30', 26725),
(3591, 72, '2018-07-07', 11209),
(3592, 72, '2018-07-08', 15783),
(3593, 72, '2018-08-04', 12287),
(3594, 72, '2018-07-01', 34139),
(3595, 72, '2018-08-01', 34043),
(3596, 72, '2018-08-30', 24030),
(3597, 72, '2018-08-21', 21364),
(3598, 72, '2018-08-27', 25418),
(3599, 72, '2018-08-01', 30830),
(3600, 72, '2018-08-07', 3356),
(3601, 73, '2018-08-28', 25024),
(3602, 73, '2018-08-06', 26735),
(3603, 73, '2018-07-12', 9110),
(3604, 73, '2018-07-19', 30490),
(3605, 73, '2018-07-06', 21934),
(3606, 73, '2018-07-23', 17629),
(3607, 73, '2018-07-25', 8299),
(3608, 73, '2018-06-13', 30533),
(3609, 73, '2018-07-28', 31659),
(3610, 73, '2018-08-01', 9330),
(3611, 73, '2018-08-15', 18547),
(3612, 73, '2018-06-21', 31178),
(3613, 73, '2018-08-29', 3091),
(3614, 73, '2018-08-13', 7821),
(3615, 73, '2018-07-20', 13510),
(3616, 73, '2018-07-09', 27595),
(3617, 73, '2018-07-19', 6249),
(3618, 73, '2018-07-20', 8042),
(3619, 73, '2018-08-04', 17856),
(3620, 73, '2018-08-16', 7599),
(3621, 73, '2018-07-01', 21350),
(3622, 73, '2018-07-25', 15823),
(3623, 73, '2018-07-04', 27415),
(3624, 73, '2018-07-14', 26370),
(3625, 73, '2018-08-10', 11818),
(3626, 73, '2018-08-17', 11192),
(3627, 73, '2018-07-31', 19722),
(3628, 73, '2018-08-08', 27897),
(3629, 73, '2018-08-16', 14906),
(3630, 73, '2018-08-19', 30619),
(3631, 73, '2018-06-25', 33316),
(3632, 73, '2018-08-08', 16181),
(3633, 73, '2018-07-02', 14092),
(3634, 73, '2018-08-12', 16136),
(3635, 73, '2018-08-23', 30532),
(3636, 73, '2018-06-23', 26146),
(3637, 73, '2018-07-30', 16487),
(3638, 73, '2018-08-06', 26816),
(3639, 73, '2018-08-30', 27866),
(3640, 73, '2018-08-01', 5231),
(3641, 73, '2018-08-30', 4690),
(3642, 73, '2018-06-13', 19498),
(3643, 73, '2018-06-24', 3262),
(3644, 73, '2018-07-12', 17532),
(3645, 73, '2018-08-29', 30023),
(3646, 73, '2018-08-22', 5881),
(3647, 73, '2018-08-01', 19008),
(3648, 73, '2018-08-01', 11149),
(3649, 73, '2018-08-05', 27726),
(3650, 73, '2018-06-17', 6374),
(3651, 74, '2018-06-18', 6181),
(3652, 74, '2018-08-17', 21021),
(3653, 74, '2018-08-25', 27949),
(3654, 74, '2018-08-09', 18863),
(3655, 74, '2018-07-13', 28784),
(3656, 74, '2018-08-08', 33466),
(3657, 74, '2018-07-27', 22653),
(3658, 74, '2018-08-17', 25815),
(3659, 74, '2018-08-01', 9617),
(3660, 74, '2018-08-03', 31329),
(3661, 74, '2018-07-27', 21781),
(3662, 74, '2018-07-21', 12627),
(3663, 74, '2018-08-13', 33996),
(3664, 74, '2018-08-18', 15742),
(3665, 74, '2018-08-12', 14218),
(3666, 74, '2018-08-02', 8864),
(3667, 74, '2018-08-14', 3422),
(3668, 74, '2018-08-22', 7635),
(3669, 74, '2018-07-12', 7716),
(3670, 74, '2018-07-21', 3079),
(3671, 74, '2018-08-06', 32917),
(3672, 74, '2018-06-26', 31737),
(3673, 74, '2018-07-21', 34457),
(3674, 74, '2018-06-26', 8535),
(3675, 74, '2018-08-23', 30307),
(3676, 74, '2018-07-01', 18532),
(3677, 74, '2018-08-29', 17973),
(3678, 74, '2018-08-05', 20197),
(3679, 74, '2018-07-06', 12915),
(3680, 74, '2018-07-05', 3012),
(3681, 74, '2018-07-11', 16345),
(3682, 74, '2018-07-22', 33837),
(3683, 74, '2018-08-30', 23744),
(3684, 74, '2018-08-31', 12782),
(3685, 74, '2018-08-14', 5223),
(3686, 74, '2018-07-21', 10922),
(3687, 74, '2018-08-03', 26513),
(3688, 74, '2018-08-28', 17922),
(3689, 74, '2018-08-28', 9690),
(3690, 74, '2018-08-11', 30244),
(3691, 74, '2018-08-21', 9624),
(3692, 74, '2018-06-14', 6064),
(3693, 74, '2018-07-25', 10357),
(3694, 74, '2018-06-20', 18843),
(3695, 74, '2018-08-10', 22404),
(3696, 74, '2018-07-12', 28741),
(3697, 74, '2018-08-06', 19934),
(3698, 74, '2018-07-12', 33582),
(3699, 74, '2018-08-02', 11551),
(3700, 74, '2018-06-24', 13611),
(3701, 75, '2018-08-05', 18710),
(3702, 75, '2018-08-10', 25018),
(3703, 75, '2018-08-09', 11438),
(3704, 75, '2018-06-21', 26278),
(3705, 75, '2018-07-28', 11179),
(3706, 75, '2018-08-16', 9285),
(3707, 75, '2018-07-27', 32970),
(3708, 75, '2018-08-19', 31944),
(3709, 75, '2018-08-17', 3781),
(3710, 75, '2018-08-18', 25135),
(3711, 75, '2018-06-23', 13927),
(3712, 75, '2018-06-25', 11387),
(3713, 75, '2018-07-16', 12730),
(3714, 75, '2018-07-20', 3888),
(3715, 75, '2018-08-02', 10770),
(3716, 75, '2018-06-20', 3124),
(3717, 75, '2018-08-01', 11315),
(3718, 75, '2018-08-03', 33206),
(3719, 75, '2018-08-27', 34129),
(3720, 75, '2018-06-22', 6030),
(3721, 75, '2018-06-23', 13247),
(3722, 75, '2018-07-31', 7817),
(3723, 75, '2018-08-13', 6403),
(3724, 75, '2018-08-15', 5534),
(3725, 75, '2018-08-07', 32762),
(3726, 75, '2018-08-10', 20694),
(3727, 75, '2018-07-19', 4615),
(3728, 75, '2018-06-28', 21991),
(3729, 75, '2018-08-08', 22284),
(3730, 75, '2018-06-21', 15889),
(3731, 75, '2018-08-30', 5360),
(3732, 75, '2018-06-15', 11478),
(3733, 75, '2018-08-15', 9933),
(3734, 75, '2018-08-26', 27258),
(3735, 75, '2018-08-09', 18930),
(3736, 75, '2018-08-22', 17994),
(3737, 75, '2018-06-23', 22864),
(3738, 75, '2018-08-21', 12861),
(3739, 75, '2018-07-24', 25078),
(3740, 75, '2018-08-06', 25947),
(3741, 75, '2018-08-29', 32660),
(3742, 75, '2018-08-25', 30171),
(3743, 75, '2018-08-13', 26178),
(3744, 75, '2018-08-27', 28822),
(3745, 75, '2018-06-22', 33755),
(3746, 75, '2018-08-14', 28297),
(3747, 75, '2018-07-22', 3635),
(3748, 75, '2018-08-05', 12458),
(3749, 75, '2018-06-22', 14790),
(3750, 75, '2018-08-08', 17200),
(3751, 76, '2018-08-05', 22952),
(3752, 76, '2018-06-27', 29065),
(3753, 76, '2018-06-27', 14291),
(3754, 76, '2018-08-18', 20681),
(3755, 76, '2018-08-21', 10280),
(3756, 76, '2018-06-28', 20247),
(3757, 76, '2018-08-06', 20142),
(3758, 76, '2018-07-29', 14409),
(3759, 76, '2018-07-21', 24636),
(3760, 76, '2018-08-05', 18149),
(3761, 76, '2018-08-03', 21498),
(3762, 76, '2018-08-29', 11482),
(3763, 76, '2018-08-28', 20437),
(3764, 76, '2018-08-05', 8553),
(3765, 76, '2018-08-22', 4941),
(3766, 76, '2018-06-12', 24873),
(3767, 76, '2018-08-19', 24188),
(3768, 76, '2018-08-21', 28133),
(3769, 76, '2018-08-15', 13566),
(3770, 76, '2018-08-13', 16665),
(3771, 76, '2018-07-11', 7616),
(3772, 76, '2018-07-28', 4818),
(3773, 76, '2018-08-10', 4691),
(3774, 76, '2018-07-30', 29905),
(3775, 76, '2018-07-15', 24643),
(3776, 76, '2018-08-06', 12202),
(3777, 76, '2018-07-02', 24737),
(3778, 76, '2018-06-25', 15014),
(3779, 76, '2018-08-02', 4121),
(3780, 76, '2018-07-12', 25217),
(3781, 76, '2018-07-02', 19241),
(3782, 76, '2018-08-26', 22064),
(3783, 76, '2018-08-07', 18476),
(3784, 76, '2018-07-09', 3732),
(3785, 76, '2018-07-26', 3792),
(3786, 76, '2018-06-24', 16457),
(3787, 76, '2018-08-07', 19895),
(3788, 76, '2018-07-28', 13228),
(3789, 76, '2018-08-15', 22171),
(3790, 76, '2018-08-15', 9721),
(3791, 76, '2018-08-20', 25605),
(3792, 76, '2018-08-16', 12808),
(3793, 76, '2018-08-30', 11874),
(3794, 76, '2018-06-23', 4875),
(3795, 76, '2018-08-05', 34150),
(3796, 76, '2018-08-12', 3243),
(3797, 76, '2018-08-10', 3402),
(3798, 76, '2018-08-05', 18002),
(3799, 76, '2018-08-08', 20452),
(3800, 76, '2018-08-10', 12690),
(3801, 77, '2018-08-14', 4024),
(3802, 77, '2018-07-30', 27460),
(3803, 77, '2018-07-13', 27508),
(3804, 77, '2018-07-06', 33679),
(3805, 77, '2018-08-19', 16801),
(3806, 77, '2018-06-14', 21642),
(3807, 77, '2018-08-01', 24416),
(3808, 77, '2018-08-30', 15359),
(3809, 77, '2018-08-16', 19033),
(3810, 77, '2018-06-13', 16115),
(3811, 77, '2018-08-07', 7530),
(3812, 77, '2018-08-22', 17805),
(3813, 77, '2018-08-07', 15796),
(3814, 77, '2018-06-23', 8743),
(3815, 77, '2018-07-05', 28068),
(3816, 77, '2018-08-13', 13021),
(3817, 77, '2018-07-29', 34531),
(3818, 77, '2018-06-24', 14332),
(3819, 77, '2018-08-07', 14214),
(3820, 77, '2018-08-05', 19213),
(3821, 77, '2018-08-24', 31829),
(3822, 77, '2018-08-03', 32093),
(3823, 77, '2018-07-21', 6846),
(3824, 77, '2018-08-10', 18602),
(3825, 77, '2018-07-05', 34254),
(3826, 77, '2018-08-11', 26809),
(3827, 77, '2018-08-01', 27632),
(3828, 77, '2018-08-03', 7673),
(3829, 77, '2018-06-23', 16310),
(3830, 77, '2018-08-04', 30106),
(3831, 77, '2018-06-26', 22436),
(3832, 77, '2018-07-23', 8499),
(3833, 77, '2018-08-28', 14923),
(3834, 77, '2018-08-29', 20296),
(3835, 77, '2018-08-19', 32799),
(3836, 77, '2018-08-10', 16106),
(3837, 77, '2018-07-01', 6835),
(3838, 77, '2018-08-10', 11591),
(3839, 77, '2018-08-08', 5015),
(3840, 77, '2018-08-10', 21262),
(3841, 77, '2018-08-20', 12318),
(3842, 77, '2018-08-04', 30886),
(3843, 77, '2018-06-26', 16308),
(3844, 77, '2018-08-01', 15778),
(3845, 77, '2018-06-28', 17313),
(3846, 77, '2018-08-08', 28340),
(3847, 77, '2018-08-23', 9356),
(3848, 77, '2018-08-11', 29587),
(3849, 77, '2018-07-21', 10611),
(3850, 77, '2018-06-27', 24130),
(3851, 78, '2018-08-28', 31777),
(3852, 78, '2018-08-03', 25752),
(3853, 78, '2018-07-07', 13989),
(3854, 78, '2018-08-29', 15060),
(3855, 78, '2018-08-17', 13751),
(3856, 78, '2018-08-18', 11371),
(3857, 78, '2018-07-04', 12407),
(3858, 78, '2018-08-10', 6675),
(3859, 78, '2018-06-15', 10203),
(3860, 78, '2018-08-12', 8927),
(3861, 78, '2018-08-10', 19587),
(3862, 78, '2018-08-13', 27031),
(3863, 78, '2018-07-12', 26726),
(3864, 78, '2018-06-22', 24431),
(3865, 78, '2018-06-28', 10983),
(3866, 78, '2018-08-06', 16651),
(3867, 78, '2018-07-20', 25825),
(3868, 78, '2018-08-30', 23970),
(3869, 78, '2018-08-02', 27579),
(3870, 78, '2018-06-24', 6664),
(3871, 78, '2018-07-18', 7453),
(3872, 78, '2018-08-10', 3213),
(3873, 78, '2018-08-10', 31533),
(3874, 78, '2018-07-24', 12640),
(3875, 78, '2018-08-16', 19461),
(3876, 78, '2018-08-28', 21771),
(3877, 78, '2018-08-16', 9467),
(3878, 78, '2018-08-12', 4647),
(3879, 78, '2018-08-02', 28384),
(3880, 78, '2018-06-29', 25293),
(3881, 78, '2018-08-16', 4273),
(3882, 78, '2018-08-02', 20209),
(3883, 78, '2018-08-05', 22492),
(3884, 78, '2018-08-17', 17268),
(3885, 78, '2018-07-17', 7262),
(3886, 78, '2018-07-28', 28521),
(3887, 78, '2018-08-07', 24641),
(3888, 78, '2018-07-21', 8008),
(3889, 78, '2018-08-10', 5608),
(3890, 78, '2018-08-20', 5207),
(3891, 78, '2018-07-17', 13818),
(3892, 78, '2018-08-07', 28906),
(3893, 78, '2018-08-18', 7398),
(3894, 78, '2018-08-25', 33897),
(3895, 78, '2018-08-16', 15807),
(3896, 78, '2018-06-22', 30525),
(3897, 78, '2018-06-19', 26422),
(3898, 78, '2018-06-28', 9509),
(3899, 78, '2018-06-12', 19447),
(3900, 78, '2018-08-17', 7300),
(3901, 79, '2018-07-11', 29950),
(3902, 79, '2018-06-27', 3030),
(3903, 79, '2018-08-13', 3991),
(3904, 79, '2018-07-31', 15587),
(3905, 79, '2018-08-10', 19883),
(3906, 79, '2018-08-22', 32690),
(3907, 79, '2018-07-11', 17020),
(3908, 79, '2018-08-20', 9888),
(3909, 79, '2018-08-24', 25806),
(3910, 79, '2018-08-03', 25896),
(3911, 79, '2018-06-16', 28548),
(3912, 79, '2018-06-16', 33030),
(3913, 79, '2018-08-04', 5188),
(3914, 79, '2018-07-08', 5494),
(3915, 79, '2018-07-31', 14427),
(3916, 79, '2018-07-03', 8141),
(3917, 79, '2018-08-31', 32353),
(3918, 79, '2018-06-23', 9652),
(3919, 79, '2018-08-13', 11089),
(3920, 79, '2018-06-17', 17906),
(3921, 79, '2018-08-01', 30096),
(3922, 79, '2018-08-15', 8720),
(3923, 79, '2018-07-10', 14916),
(3924, 79, '2018-07-13', 17208),
(3925, 79, '2018-08-06', 31981),
(3926, 79, '2018-07-25', 4061),
(3927, 79, '2018-07-29', 21326),
(3928, 79, '2018-08-26', 5989),
(3929, 79, '2018-06-12', 14214),
(3930, 79, '2018-08-26', 31112),
(3931, 79, '2018-08-09', 20280),
(3932, 79, '2018-07-20', 18498),
(3933, 79, '2018-06-16', 31099),
(3934, 79, '2018-08-19', 33224),
(3935, 79, '2018-08-01', 22767),
(3936, 79, '2018-07-27', 20015),
(3937, 79, '2018-08-22', 13094),
(3938, 79, '2018-07-23', 17485),
(3939, 79, '2018-06-27', 22471),
(3940, 79, '2018-07-07', 18129),
(3941, 79, '2018-06-26', 29924),
(3942, 79, '2018-08-04', 33287),
(3943, 79, '2018-07-06', 3025),
(3944, 79, '2018-08-25', 6659),
(3945, 79, '2018-06-20', 18398),
(3946, 79, '2018-06-24', 10962),
(3947, 79, '2018-08-06', 16237),
(3948, 79, '2018-06-27', 14714),
(3949, 79, '2018-07-19', 14677),
(3950, 79, '2018-08-17', 20270),
(3951, 80, '2018-08-20', 20549),
(3952, 80, '2018-07-21', 32515),
(3953, 80, '2018-06-13', 30333),
(3954, 80, '2018-08-01', 8099),
(3955, 80, '2018-08-01', 13679),
(3956, 80, '2018-08-28', 15238),
(3957, 80, '2018-08-20', 5815),
(3958, 80, '2018-06-18', 21758),
(3959, 80, '2018-07-12', 21670),
(3960, 80, '2018-08-16', 30271),
(3961, 80, '2018-08-09', 4500),
(3962, 80, '2018-08-29', 27245),
(3963, 80, '2018-08-30', 30289),
(3964, 80, '2018-07-23', 31029),
(3965, 80, '2018-06-23', 27639),
(3966, 80, '2018-06-23', 25668),
(3967, 80, '2018-06-17', 3104),
(3968, 80, '2018-08-01', 26193),
(3969, 80, '2018-07-30', 17909),
(3970, 80, '2018-07-16', 9845),
(3971, 80, '2018-08-17', 19542),
(3972, 80, '2018-08-14', 33758),
(3973, 80, '2018-07-16', 10866),
(3974, 80, '2018-07-08', 12888),
(3975, 80, '2018-07-10', 22381),
(3976, 80, '2018-07-01', 34611),
(3977, 80, '2018-08-06', 20844),
(3978, 80, '2018-08-06', 6002),
(3979, 80, '2018-06-28', 24804),
(3980, 80, '2018-08-11', 23810),
(3981, 80, '2018-08-18', 4668),
(3982, 80, '2018-07-17', 13001),
(3983, 80, '2018-07-30', 6821),
(3984, 80, '2018-08-20', 33717),
(3985, 80, '2018-08-20', 24994),
(3986, 80, '2018-08-13', 4998),
(3987, 80, '2018-07-15', 19278),
(3988, 80, '2018-07-29', 15742),
(3989, 80, '2018-08-09', 17232),
(3990, 80, '2018-08-08', 16440),
(3991, 80, '2018-06-12', 29843),
(3992, 80, '2018-06-28', 26728),
(3993, 80, '2018-08-15', 11890),
(3994, 80, '2018-08-30', 17079),
(3995, 80, '2018-07-21', 17820),
(3996, 80, '2018-07-27', 9766),
(3997, 80, '2018-06-22', 19926),
(3998, 80, '2018-08-20', 5707),
(3999, 80, '2018-06-26', 34652),
(4000, 80, '2018-08-01', 7413),
(4001, 81, '2018-08-15', 8631),
(4002, 81, '2018-06-28', 10662),
(4003, 81, '2018-07-22', 16644),
(4004, 81, '2018-08-10', 23731),
(4005, 81, '2018-08-22', 17900),
(4006, 81, '2018-08-25', 4218),
(4007, 81, '2018-08-22', 16619),
(4008, 81, '2018-08-28', 13561),
(4009, 81, '2018-08-05', 18843),
(4010, 81, '2018-06-21', 22501),
(4011, 81, '2018-08-25', 12012),
(4012, 81, '2018-07-12', 24680),
(4013, 81, '2018-08-09', 5972),
(4014, 81, '2018-08-10', 31809),
(4015, 81, '2018-06-15', 9388),
(4016, 81, '2018-08-20', 8716),
(4017, 81, '2018-08-15', 18034),
(4018, 81, '2018-08-21', 27587),
(4019, 81, '2018-08-24', 21970),
(4020, 81, '2018-08-19', 12766),
(4021, 81, '2018-07-21', 11921),
(4022, 81, '2018-07-25', 21900),
(4023, 81, '2018-08-21', 5095),
(4024, 81, '2018-08-23', 29332),
(4025, 81, '2018-06-20', 23667),
(4026, 81, '2018-06-24', 17946),
(4027, 81, '2018-06-29', 15513),
(4028, 81, '2018-06-12', 6682),
(4029, 81, '2018-07-21', 15346),
(4030, 81, '2018-06-29', 26807),
(4031, 81, '2018-08-20', 5401),
(4032, 81, '2018-08-01', 25332),
(4033, 81, '2018-08-23', 31120),
(4034, 81, '2018-08-14', 33931),
(4035, 81, '2018-08-23', 23483),
(4036, 81, '2018-06-21', 3230),
(4037, 81, '2018-08-06', 4733),
(4038, 81, '2018-08-27', 33703),
(4039, 81, '2018-07-03', 28099),
(4040, 81, '2018-08-12', 30728),
(4041, 81, '2018-08-01', 7724),
(4042, 81, '2018-08-31', 12928),
(4043, 81, '2018-08-25', 21941),
(4044, 81, '2018-08-17', 22090),
(4045, 81, '2018-08-14', 15064),
(4046, 81, '2018-08-22', 24057),
(4047, 81, '2018-08-03', 31265),
(4048, 81, '2018-07-12', 7057),
(4049, 81, '2018-06-13', 22662),
(4050, 81, '2018-06-18', 14612),
(4051, 82, '2018-08-18', 30479),
(4052, 82, '2018-07-07', 29205),
(4053, 82, '2018-07-03', 24507),
(4054, 82, '2018-08-19', 29176),
(4055, 82, '2018-07-04', 30083),
(4056, 82, '2018-08-24', 29148),
(4057, 82, '2018-08-17', 9460),
(4058, 82, '2018-08-26', 3294),
(4059, 82, '2018-08-30', 19147),
(4060, 82, '2018-07-31', 34283),
(4061, 82, '2018-07-03', 16380),
(4062, 82, '2018-07-28', 27349),
(4063, 82, '2018-08-08', 17166),
(4064, 82, '2018-08-26', 31659),
(4065, 82, '2018-08-17', 31965),
(4066, 82, '2018-08-07', 13817),
(4067, 82, '2018-07-07', 13101),
(4068, 82, '2018-07-25', 16557),
(4069, 82, '2018-08-08', 14909),
(4070, 82, '2018-06-12', 32658),
(4071, 82, '2018-08-11', 33523),
(4072, 82, '2018-08-22', 21368),
(4073, 82, '2018-08-17', 9105),
(4074, 82, '2018-06-13', 10407),
(4075, 82, '2018-07-12', 34057),
(4076, 82, '2018-08-06', 12719),
(4077, 82, '2018-08-15', 7341),
(4078, 82, '2018-08-17', 18650),
(4079, 82, '2018-08-15', 15083),
(4080, 82, '2018-07-02', 7054),
(4081, 82, '2018-06-22', 28475),
(4082, 82, '2018-07-12', 4476),
(4083, 82, '2018-08-11', 8986),
(4084, 82, '2018-07-30', 6077),
(4085, 82, '2018-07-15', 11519),
(4086, 82, '2018-06-24', 12516),
(4087, 82, '2018-06-28', 16358),
(4088, 82, '2018-07-23', 4958),
(4089, 82, '2018-07-11', 5921),
(4090, 82, '2018-07-01', 12570),
(4091, 82, '2018-07-21', 25347),
(4092, 82, '2018-07-03', 14416),
(4093, 82, '2018-06-26', 14969),
(4094, 82, '2018-08-17', 20959),
(4095, 82, '2018-07-02', 8535),
(4096, 82, '2018-06-30', 18888),
(4097, 82, '2018-07-18', 8569),
(4098, 82, '2018-06-12', 4023),
(4099, 82, '2018-07-30', 4529),
(4100, 82, '2018-08-23', 15724),
(4101, 83, '2018-08-22', 34117),
(4102, 83, '2018-07-08', 32835),
(4103, 83, '2018-08-01', 4767),
(4104, 83, '2018-07-19', 4319),
(4105, 83, '2018-08-03', 9266),
(4106, 83, '2018-06-20', 17363),
(4107, 83, '2018-07-23', 21697),
(4108, 83, '2018-08-12', 12806),
(4109, 83, '2018-08-23', 29311),
(4110, 83, '2018-07-26', 19012),
(4111, 83, '2018-06-16', 12511),
(4112, 83, '2018-08-17', 29421),
(4113, 83, '2018-06-20', 15053),
(4114, 83, '2018-07-19', 16888),
(4115, 83, '2018-07-11', 32416),
(4116, 83, '2018-07-08', 10942),
(4117, 83, '2018-07-14', 22036),
(4118, 83, '2018-08-20', 3061),
(4119, 83, '2018-08-02', 17033),
(4120, 83, '2018-08-04', 19332),
(4121, 83, '2018-08-02', 31866),
(4122, 83, '2018-08-11', 29130),
(4123, 83, '2018-07-02', 30380),
(4124, 83, '2018-07-22', 9557),
(4125, 83, '2018-07-18', 22764),
(4126, 83, '2018-07-15', 14111),
(4127, 83, '2018-07-19', 34671),
(4128, 83, '2018-08-10', 11351),
(4129, 83, '2018-08-27', 18562),
(4130, 83, '2018-07-21', 34964),
(4131, 83, '2018-08-31', 20599),
(4132, 83, '2018-08-26', 19269),
(4133, 83, '2018-08-31', 15317),
(4134, 83, '2018-07-25', 17162),
(4135, 83, '2018-08-05', 23368),
(4136, 83, '2018-06-23', 9465),
(4137, 83, '2018-07-26', 6514),
(4138, 83, '2018-08-21', 30343),
(4139, 83, '2018-08-11', 6259),
(4140, 83, '2018-06-14', 16436),
(4141, 83, '2018-08-28', 16285),
(4142, 83, '2018-07-05', 7883),
(4143, 83, '2018-08-27', 7925),
(4144, 83, '2018-08-05', 27019),
(4145, 83, '2018-06-24', 17465),
(4146, 83, '2018-06-12', 8803),
(4147, 83, '2018-07-28', 21412),
(4148, 83, '2018-07-02', 33171),
(4149, 83, '2018-08-06', 4818),
(4150, 83, '2018-06-28', 24456),
(4151, 84, '2018-08-01', 20328),
(4152, 84, '2018-08-12', 18041),
(4153, 84, '2018-07-19', 8443),
(4154, 84, '2018-08-05', 33924),
(4155, 84, '2018-08-30', 34458),
(4156, 84, '2018-07-21', 9461),
(4157, 84, '2018-06-29', 12614),
(4158, 84, '2018-06-27', 13135),
(4159, 84, '2018-08-18', 3830),
(4160, 84, '2018-08-24', 26992),
(4161, 84, '2018-08-03', 15336),
(4162, 84, '2018-08-22', 22644),
(4163, 84, '2018-07-05', 3895),
(4164, 84, '2018-06-30', 16253),
(4165, 84, '2018-08-15', 18497),
(4166, 84, '2018-08-21', 19610),
(4167, 84, '2018-06-13', 3648),
(4168, 84, '2018-07-22', 5197),
(4169, 84, '2018-07-07', 23991),
(4170, 84, '2018-08-07', 7399),
(4171, 84, '2018-08-03', 17365),
(4172, 84, '2018-08-30', 31719),
(4173, 84, '2018-06-30', 21507),
(4174, 84, '2018-06-17', 32070),
(4175, 84, '2018-08-30', 26280),
(4176, 84, '2018-08-31', 7547),
(4177, 84, '2018-08-20', 16717),
(4178, 84, '2018-08-09', 9717),
(4179, 84, '2018-07-11', 31654),
(4180, 84, '2018-08-15', 34826),
(4181, 84, '2018-08-10', 17819),
(4182, 84, '2018-08-06', 30049),
(4183, 84, '2018-06-22', 29262),
(4184, 84, '2018-08-01', 6032),
(4185, 84, '2018-08-21', 22031),
(4186, 84, '2018-08-10', 29290),
(4187, 84, '2018-06-23', 34381),
(4188, 84, '2018-06-17', 32373),
(4189, 84, '2018-08-07', 26161),
(4190, 84, '2018-07-14', 33767),
(4191, 84, '2018-08-08', 33680),
(4192, 84, '2018-08-18', 33152),
(4193, 84, '2018-06-24', 8465),
(4194, 84, '2018-08-07', 23147),
(4195, 84, '2018-06-23', 33645),
(4196, 84, '2018-07-24', 13972),
(4197, 84, '2018-07-29', 18977),
(4198, 84, '2018-08-15', 32010),
(4199, 84, '2018-07-20', 25017),
(4200, 84, '2018-08-27', 20061),
(4201, 85, '2018-08-18', 20182),
(4202, 85, '2018-07-08', 16691),
(4203, 85, '2018-08-26', 4211),
(4204, 85, '2018-08-24', 25223),
(4205, 85, '2018-08-08', 20018),
(4206, 85, '2018-08-16', 28637),
(4207, 85, '2018-06-24', 19610),
(4208, 85, '2018-07-05', 12974),
(4209, 85, '2018-08-13', 30664),
(4210, 85, '2018-08-06', 14137),
(4211, 85, '2018-08-17', 26713),
(4212, 85, '2018-08-13', 25747),
(4213, 85, '2018-06-29', 20970),
(4214, 85, '2018-08-18', 26389),
(4215, 85, '2018-07-08', 25829),
(4216, 85, '2018-07-16', 16175),
(4217, 85, '2018-06-13', 17748),
(4218, 85, '2018-06-18', 24024),
(4219, 85, '2018-06-20', 30511),
(4220, 85, '2018-06-28', 9813),
(4221, 85, '2018-07-29', 28828),
(4222, 85, '2018-06-14', 18444),
(4223, 85, '2018-06-13', 26393),
(4224, 85, '2018-08-22', 10183),
(4225, 85, '2018-06-21', 25064),
(4226, 85, '2018-08-21', 21522),
(4227, 85, '2018-08-16', 18543),
(4228, 85, '2018-08-29', 13347),
(4229, 85, '2018-08-25', 31505),
(4230, 85, '2018-07-20', 9790),
(4231, 85, '2018-08-17', 29523),
(4232, 85, '2018-06-16', 22331),
(4233, 85, '2018-08-13', 16322),
(4234, 85, '2018-07-22', 10639),
(4235, 85, '2018-08-17', 20761),
(4236, 85, '2018-08-29', 16301),
(4237, 85, '2018-08-01', 7252),
(4238, 85, '2018-08-18', 20108),
(4239, 85, '2018-08-04', 21817),
(4240, 85, '2018-08-21', 9241),
(4241, 85, '2018-07-12', 20349),
(4242, 85, '2018-08-22', 7533),
(4243, 85, '2018-06-15', 22307),
(4244, 85, '2018-07-21', 6329),
(4245, 85, '2018-08-07', 20608),
(4246, 85, '2018-08-05', 31006),
(4247, 85, '2018-08-23', 29387),
(4248, 85, '2018-08-29', 18163),
(4249, 85, '2018-07-19', 20837),
(4250, 85, '2018-07-29', 13748),
(4251, 86, '2018-06-27', 21357),
(4252, 86, '2018-07-10', 18488),
(4253, 86, '2018-07-12', 20719),
(4254, 86, '2018-08-10', 24836),
(4255, 86, '2018-08-16', 28810),
(4256, 86, '2018-08-02', 10375),
(4257, 86, '2018-08-28', 34518),
(4258, 86, '2018-06-14', 29577),
(4259, 86, '2018-06-22', 25487),
(4260, 86, '2018-08-25', 6092),
(4261, 86, '2018-07-31', 31032),
(4262, 86, '2018-07-24', 30981),
(4263, 86, '2018-08-23', 11434),
(4264, 86, '2018-08-20', 14387),
(4265, 86, '2018-07-17', 19723),
(4266, 86, '2018-08-11', 23504),
(4267, 86, '2018-07-29', 5974),
(4268, 86, '2018-08-28', 31201),
(4269, 86, '2018-08-25', 26970),
(4270, 86, '2018-08-24', 6033),
(4271, 86, '2018-08-28', 8748),
(4272, 86, '2018-07-03', 20289),
(4273, 86, '2018-08-26', 28384),
(4274, 86, '2018-08-05', 27593),
(4275, 86, '2018-08-03', 11465),
(4276, 86, '2018-08-30', 16896),
(4277, 86, '2018-08-10', 24641),
(4278, 86, '2018-06-24', 12499),
(4279, 86, '2018-07-12', 4614),
(4280, 86, '2018-06-13', 12905),
(4281, 86, '2018-07-31', 34657),
(4282, 86, '2018-08-19', 22463),
(4283, 86, '2018-07-13', 15876),
(4284, 86, '2018-08-26', 14675),
(4285, 86, '2018-07-20', 26906),
(4286, 86, '2018-06-24', 28278),
(4287, 86, '2018-06-30', 20135),
(4288, 86, '2018-07-03', 7289),
(4289, 86, '2018-07-14', 16204),
(4290, 86, '2018-07-23', 18594),
(4291, 86, '2018-06-23', 22402),
(4292, 86, '2018-07-04', 16132),
(4293, 86, '2018-06-12', 10379),
(4294, 86, '2018-07-26', 7815),
(4295, 86, '2018-06-17', 16343),
(4296, 86, '2018-08-11', 23919),
(4297, 86, '2018-08-07', 33542),
(4298, 86, '2018-07-30', 12799),
(4299, 86, '2018-08-17', 3322),
(4300, 86, '2018-08-04', 6588),
(4301, 87, '2018-08-28', 6869),
(4302, 87, '2018-06-26', 25348),
(4303, 87, '2018-06-30', 33504),
(4304, 87, '2018-06-12', 21466),
(4305, 87, '2018-07-21', 14123),
(4306, 87, '2018-07-21', 14954),
(4307, 87, '2018-08-11', 5753),
(4308, 87, '2018-08-02', 21213),
(4309, 87, '2018-08-30', 6477),
(4310, 87, '2018-07-13', 21452),
(4311, 87, '2018-06-13', 25164),
(4312, 87, '2018-07-10', 25346),
(4313, 87, '2018-08-17', 5007),
(4314, 87, '2018-08-16', 26841),
(4315, 87, '2018-06-23', 7848),
(4316, 87, '2018-08-16', 34623),
(4317, 87, '2018-08-28', 22673),
(4318, 87, '2018-08-10', 33899),
(4319, 87, '2018-08-07', 31715),
(4320, 87, '2018-07-04', 12589),
(4321, 87, '2018-07-12', 10286),
(4322, 87, '2018-08-28', 16919),
(4323, 87, '2018-06-21', 29519),
(4324, 87, '2018-06-28', 32991),
(4325, 87, '2018-06-21', 32055),
(4326, 87, '2018-06-25', 21827),
(4327, 87, '2018-07-16', 4336),
(4328, 87, '2018-08-18', 25137),
(4329, 87, '2018-07-03', 17861),
(4330, 87, '2018-08-18', 20304),
(4331, 87, '2018-07-12', 21994),
(4332, 87, '2018-07-14', 11443),
(4333, 87, '2018-08-26', 25260),
(4334, 87, '2018-08-24', 29815),
(4335, 87, '2018-07-06', 31916),
(4336, 87, '2018-07-08', 28716),
(4337, 87, '2018-06-12', 21889),
(4338, 87, '2018-07-26', 13240),
(4339, 87, '2018-08-09', 20252),
(4340, 87, '2018-06-23', 11838),
(4341, 87, '2018-07-22', 4197),
(4342, 87, '2018-06-13', 34098),
(4343, 87, '2018-06-19', 32808),
(4344, 87, '2018-08-06', 28837),
(4345, 87, '2018-08-26', 13342),
(4346, 87, '2018-06-24', 9404),
(4347, 87, '2018-08-06', 14458),
(4348, 87, '2018-07-15', 19138),
(4349, 87, '2018-08-10', 15548),
(4350, 87, '2018-08-06', 11415),
(4351, 88, '2018-08-08', 14102),
(4352, 88, '2018-08-24', 16193),
(4353, 88, '2018-07-15', 18293),
(4354, 88, '2018-08-25', 13634),
(4355, 88, '2018-08-25', 16022),
(4356, 88, '2018-08-08', 13172),
(4357, 88, '2018-07-12', 16707),
(4358, 88, '2018-08-08', 16842),
(4359, 88, '2018-08-16', 18913),
(4360, 88, '2018-07-17', 3008),
(4361, 88, '2018-06-25', 26366),
(4362, 88, '2018-07-16', 33645),
(4363, 88, '2018-07-17', 20338),
(4364, 88, '2018-08-09', 17200),
(4365, 88, '2018-07-11', 32994),
(4366, 88, '2018-08-24', 33431),
(4367, 88, '2018-07-04', 32939),
(4368, 88, '2018-08-20', 5956),
(4369, 88, '2018-08-29', 19873),
(4370, 88, '2018-07-22', 20151),
(4371, 88, '2018-08-20', 30323),
(4372, 88, '2018-07-17', 14672),
(4373, 88, '2018-08-04', 23754),
(4374, 88, '2018-08-15', 7988),
(4375, 88, '2018-08-22', 4999),
(4376, 88, '2018-08-14', 32129),
(4377, 88, '2018-08-19', 18643),
(4378, 88, '2018-08-06', 3842),
(4379, 88, '2018-08-02', 21811),
(4380, 88, '2018-07-14', 5862),
(4381, 88, '2018-08-19', 19491),
(4382, 88, '2018-06-22', 10358),
(4383, 88, '2018-06-22', 24091),
(4384, 88, '2018-07-31', 15335),
(4385, 88, '2018-06-17', 11384),
(4386, 88, '2018-08-07', 24888),
(4387, 88, '2018-08-28', 31897),
(4388, 88, '2018-06-23', 28374),
(4389, 88, '2018-07-16', 26635),
(4390, 88, '2018-08-11', 7766),
(4391, 88, '2018-07-23', 16853),
(4392, 88, '2018-07-09', 11874),
(4393, 88, '2018-08-01', 4841),
(4394, 88, '2018-06-28', 23346),
(4395, 88, '2018-08-31', 3631),
(4396, 88, '2018-07-30', 33056),
(4397, 88, '2018-06-23', 21317),
(4398, 88, '2018-08-06', 34746),
(4399, 88, '2018-06-27', 28366),
(4400, 88, '2018-08-09', 23825),
(4401, 89, '2018-08-03', 4434),
(4402, 89, '2018-06-12', 10417),
(4403, 89, '2018-06-23', 34209),
(4404, 89, '2018-08-19', 17617),
(4405, 89, '2018-08-20', 9445),
(4406, 89, '2018-07-17', 3530),
(4407, 89, '2018-07-25', 3364),
(4408, 89, '2018-08-05', 17220),
(4409, 89, '2018-08-06', 13008),
(4410, 89, '2018-08-27', 13855),
(4411, 89, '2018-08-27', 8210),
(4412, 89, '2018-08-05', 10698),
(4413, 89, '2018-08-20', 23049),
(4414, 89, '2018-08-06', 10264),
(4415, 89, '2018-06-20', 18012),
(4416, 89, '2018-06-22', 13661),
(4417, 89, '2018-08-29', 29447),
(4418, 89, '2018-08-01', 28264),
(4419, 89, '2018-08-22', 24796),
(4420, 89, '2018-08-13', 8407),
(4421, 89, '2018-07-16', 20026),
(4422, 89, '2018-06-18', 31897),
(4423, 89, '2018-07-25', 16432),
(4424, 89, '2018-06-25', 15324),
(4425, 89, '2018-06-16', 20661),
(4426, 89, '2018-07-07', 27874),
(4427, 89, '2018-06-20', 29759),
(4428, 89, '2018-07-22', 27542),
(4429, 89, '2018-06-26', 8455),
(4430, 89, '2018-07-26', 26173),
(4431, 89, '2018-08-17', 15311),
(4432, 89, '2018-07-10', 8329),
(4433, 89, '2018-08-19', 33966),
(4434, 89, '2018-06-20', 15973),
(4435, 89, '2018-06-26', 20572),
(4436, 89, '2018-08-17', 10001),
(4437, 89, '2018-08-22', 15109),
(4438, 89, '2018-06-26', 10520),
(4439, 89, '2018-06-26', 9890),
(4440, 89, '2018-08-01', 13999),
(4441, 89, '2018-08-13', 28458),
(4442, 89, '2018-08-24', 11197),
(4443, 89, '2018-06-24', 22677),
(4444, 89, '2018-08-05', 16188),
(4445, 89, '2018-08-01', 11642),
(4446, 89, '2018-08-01', 5708),
(4447, 89, '2018-08-14', 13366),
(4448, 89, '2018-07-23', 32829),
(4449, 89, '2018-07-22', 24817),
(4450, 89, '2018-08-28', 26250),
(4451, 90, '2018-06-21', 9986),
(4452, 90, '2018-08-11', 20114),
(4453, 90, '2018-07-04', 30423),
(4454, 90, '2018-06-16', 16113),
(4455, 90, '2018-08-01', 23459),
(4456, 90, '2018-07-18', 17115),
(4457, 90, '2018-07-15', 6906),
(4458, 90, '2018-08-10', 23861),
(4459, 90, '2018-08-08', 8249),
(4460, 90, '2018-08-01', 18022),
(4461, 90, '2018-08-31', 18050),
(4462, 90, '2018-07-17', 33738),
(4463, 90, '2018-07-12', 13844),
(4464, 90, '2018-07-12', 14625),
(4465, 90, '2018-08-15', 14518),
(4466, 90, '2018-08-26', 20128),
(4467, 90, '2018-08-25', 13278),
(4468, 90, '2018-08-12', 4576),
(4469, 90, '2018-08-29', 16282),
(4470, 90, '2018-07-11', 10013),
(4471, 90, '2018-06-20', 19456),
(4472, 90, '2018-08-27', 27050),
(4473, 90, '2018-08-06', 14604),
(4474, 90, '2018-08-14', 34133),
(4475, 90, '2018-08-04', 8996),
(4476, 90, '2018-08-18', 30793),
(4477, 90, '2018-08-08', 23000),
(4478, 90, '2018-07-23', 18295),
(4479, 90, '2018-07-25', 33041),
(4480, 90, '2018-08-21', 18094),
(4481, 90, '2018-08-01', 14878),
(4482, 90, '2018-08-21', 28354),
(4483, 90, '2018-08-08', 31245),
(4484, 90, '2018-06-13', 21140),
(4485, 90, '2018-08-27', 31313),
(4486, 90, '2018-07-21', 12183),
(4487, 90, '2018-08-09', 21062),
(4488, 90, '2018-08-11', 23498),
(4489, 90, '2018-08-15', 29508),
(4490, 90, '2018-08-30', 26493),
(4491, 90, '2018-07-21', 15404),
(4492, 90, '2018-07-26', 23790),
(4493, 90, '2018-07-15', 17626),
(4494, 90, '2018-08-21', 31821),
(4495, 90, '2018-08-15', 31260),
(4496, 90, '2018-07-01', 12273),
(4497, 90, '2018-06-27', 3550),
(4498, 90, '2018-08-26', 3368),
(4499, 90, '2018-08-01', 5577),
(4500, 90, '2018-07-06', 18517),
(4501, 91, '2018-08-01', 16745),
(4502, 91, '2018-08-08', 28151),
(4503, 91, '2018-07-17', 30385),
(4504, 91, '2018-08-03', 6046),
(4505, 91, '2018-08-23', 24713),
(4506, 91, '2018-07-02', 7981),
(4507, 91, '2018-06-17', 23558),
(4508, 91, '2018-07-16', 22383),
(4509, 91, '2018-08-26', 11127),
(4510, 91, '2018-06-23', 27139),
(4511, 91, '2018-08-22', 9648),
(4512, 91, '2018-08-23', 11269),
(4513, 91, '2018-08-29', 25947),
(4514, 91, '2018-07-29', 10447),
(4515, 91, '2018-06-12', 32187),
(4516, 91, '2018-06-18', 18517),
(4517, 91, '2018-08-26', 9538),
(4518, 91, '2018-06-22', 20484),
(4519, 91, '2018-08-10', 30088),
(4520, 91, '2018-08-09', 18359),
(4521, 91, '2018-07-07', 20655),
(4522, 91, '2018-08-01', 33918),
(4523, 91, '2018-06-26', 20765),
(4524, 91, '2018-08-05', 34697),
(4525, 91, '2018-07-28', 16972),
(4526, 91, '2018-07-15', 27936),
(4527, 91, '2018-08-10', 26471),
(4528, 91, '2018-06-23', 26050),
(4529, 91, '2018-06-22', 6007),
(4530, 91, '2018-06-22', 31610),
(4531, 91, '2018-06-24', 4848),
(4532, 91, '2018-08-13', 15819),
(4533, 91, '2018-08-12', 3664),
(4534, 91, '2018-08-29', 13292),
(4535, 91, '2018-08-01', 31965),
(4536, 91, '2018-08-13', 3490),
(4537, 91, '2018-06-25', 10697),
(4538, 91, '2018-08-31', 25594),
(4539, 91, '2018-08-10', 6178),
(4540, 91, '2018-07-11', 9025),
(4541, 91, '2018-07-13', 13137),
(4542, 91, '2018-08-01', 23419),
(4543, 91, '2018-07-11', 34652),
(4544, 91, '2018-08-23', 27265),
(4545, 91, '2018-08-07', 8055),
(4546, 91, '2018-06-28', 28883),
(4547, 91, '2018-08-30', 20733),
(4548, 91, '2018-08-13', 3953),
(4549, 91, '2018-08-01', 24606),
(4550, 91, '2018-08-27', 25619),
(4551, 92, '2018-08-28', 15745),
(4552, 92, '2018-08-07', 34350),
(4553, 92, '2018-07-27', 26637),
(4554, 92, '2018-06-25', 6791),
(4555, 92, '2018-08-20', 31431),
(4556, 92, '2018-07-28', 6370),
(4557, 92, '2018-07-12', 27420),
(4558, 92, '2018-08-30', 31074),
(4559, 92, '2018-06-14', 21249),
(4560, 92, '2018-07-28', 28175),
(4561, 92, '2018-08-14', 22385),
(4562, 92, '2018-08-23', 17291),
(4563, 92, '2018-06-24', 22032),
(4564, 92, '2018-07-27', 16334),
(4565, 92, '2018-06-19', 6109),
(4566, 92, '2018-06-22', 31760),
(4567, 92, '2018-07-17', 25137),
(4568, 92, '2018-08-05', 14953),
(4569, 92, '2018-06-14', 8665),
(4570, 92, '2018-08-28', 32090),
(4571, 92, '2018-08-13', 6668),
(4572, 92, '2018-07-11', 8284),
(4573, 92, '2018-07-02', 4155),
(4574, 92, '2018-08-04', 25487),
(4575, 92, '2018-08-10', 4031),
(4576, 92, '2018-06-18', 14033),
(4577, 92, '2018-08-03', 29404),
(4578, 92, '2018-08-07', 34508),
(4579, 92, '2018-08-03', 11905),
(4580, 92, '2018-06-24', 31439),
(4581, 92, '2018-07-30', 25909),
(4582, 92, '2018-08-01', 17641),
(4583, 92, '2018-08-14', 18317),
(4584, 92, '2018-08-15', 25282),
(4585, 92, '2018-08-27', 27428),
(4586, 92, '2018-08-28', 3163),
(4587, 92, '2018-07-13', 26574),
(4588, 92, '2018-08-12', 31149),
(4589, 92, '2018-08-20', 24765),
(4590, 92, '2018-08-20', 16799),
(4591, 92, '2018-08-10', 29708),
(4592, 92, '2018-08-26', 4725),
(4593, 92, '2018-08-07', 15806),
(4594, 92, '2018-07-17', 21130),
(4595, 92, '2018-08-10', 13251),
(4596, 92, '2018-07-21', 5004),
(4597, 92, '2018-08-01', 15433),
(4598, 92, '2018-08-04', 18795),
(4599, 92, '2018-08-26', 26284),
(4600, 92, '2018-06-22', 32323),
(4601, 93, '2018-08-23', 21460),
(4602, 93, '2018-07-17', 15290),
(4603, 93, '2018-08-18', 19905),
(4604, 93, '2018-08-07', 16294),
(4605, 93, '2018-07-27', 19353),
(4606, 93, '2018-08-04', 25052),
(4607, 93, '2018-06-18', 26660),
(4608, 93, '2018-08-13', 17159),
(4609, 93, '2018-08-23', 30505),
(4610, 93, '2018-06-14', 21554),
(4611, 93, '2018-07-15', 9444),
(4612, 93, '2018-08-15', 10600),
(4613, 93, '2018-06-21', 18649),
(4614, 93, '2018-08-19', 26183),
(4615, 93, '2018-08-03', 26378),
(4616, 93, '2018-08-09', 27345),
(4617, 93, '2018-07-01', 14447),
(4618, 93, '2018-08-31', 25781),
(4619, 93, '2018-06-21', 22456),
(4620, 93, '2018-07-24', 30270),
(4621, 93, '2018-08-19', 6331),
(4622, 93, '2018-08-21', 33268),
(4623, 93, '2018-08-14', 26540),
(4624, 93, '2018-08-14', 7783),
(4625, 93, '2018-06-24', 4247),
(4626, 93, '2018-08-02', 11926),
(4627, 93, '2018-08-02', 32016),
(4628, 93, '2018-08-30', 20910),
(4629, 93, '2018-06-13', 5644),
(4630, 93, '2018-06-24', 18945),
(4631, 93, '2018-07-17', 30825),
(4632, 93, '2018-07-30', 7761),
(4633, 93, '2018-06-13', 31181),
(4634, 93, '2018-06-20', 32333),
(4635, 93, '2018-07-21', 14448),
(4636, 93, '2018-08-21', 19782),
(4637, 93, '2018-07-15', 7425),
(4638, 93, '2018-08-16', 28057),
(4639, 93, '2018-08-08', 3401),
(4640, 93, '2018-08-25', 7967),
(4641, 93, '2018-06-16', 6169),
(4642, 93, '2018-08-16', 10752),
(4643, 93, '2018-08-15', 25734),
(4644, 93, '2018-06-27', 28734),
(4645, 93, '2018-08-28', 28259),
(4646, 93, '2018-08-08', 24642),
(4647, 93, '2018-06-13', 20093),
(4648, 93, '2018-08-04', 10056),
(4649, 93, '2018-08-13', 16284),
(4650, 93, '2018-08-31', 22352),
(4651, 94, '2018-08-13', 15467),
(4652, 94, '2018-08-24', 18290),
(4653, 94, '2018-08-12', 19508),
(4654, 94, '2018-08-21', 9288),
(4655, 94, '2018-08-08', 18532),
(4656, 94, '2018-07-18', 28269),
(4657, 94, '2018-06-19', 32411),
(4658, 94, '2018-08-09', 8886),
(4659, 94, '2018-06-25', 4087),
(4660, 94, '2018-08-22', 29859),
(4661, 94, '2018-06-19', 9086),
(4662, 94, '2018-08-10', 8152),
(4663, 94, '2018-08-10', 4848),
(4664, 94, '2018-07-17', 22394),
(4665, 94, '2018-06-24', 10751),
(4666, 94, '2018-08-09', 29561),
(4667, 94, '2018-08-02', 9676),
(4668, 94, '2018-06-22', 30971),
(4669, 94, '2018-08-04', 6061),
(4670, 94, '2018-08-09', 4773),
(4671, 94, '2018-08-13', 13238),
(4672, 94, '2018-07-19', 18043),
(4673, 94, '2018-08-14', 33494),
(4674, 94, '2018-06-28', 15527),
(4675, 94, '2018-07-08', 13495),
(4676, 94, '2018-08-26', 11549),
(4677, 94, '2018-07-24', 34980),
(4678, 94, '2018-08-23', 30874),
(4679, 94, '2018-08-22', 13004),
(4680, 94, '2018-07-11', 27002),
(4681, 94, '2018-07-30', 15367),
(4682, 94, '2018-08-01', 23293),
(4683, 94, '2018-08-11', 9234),
(4684, 94, '2018-08-04', 5899),
(4685, 94, '2018-07-02', 28217),
(4686, 94, '2018-08-06', 19539),
(4687, 94, '2018-07-29', 13208),
(4688, 94, '2018-07-19', 16549),
(4689, 94, '2018-08-04', 26732),
(4690, 94, '2018-07-18', 22259),
(4691, 94, '2018-07-22', 22312),
(4692, 94, '2018-08-16', 32246),
(4693, 94, '2018-08-08', 17571),
(4694, 94, '2018-06-14', 8499),
(4695, 94, '2018-08-08', 4251),
(4696, 94, '2018-07-07', 15504),
(4697, 94, '2018-08-12', 28535),
(4698, 94, '2018-08-05', 34939),
(4699, 94, '2018-08-29', 27050),
(4700, 94, '2018-08-09', 19017),
(4701, 95, '2018-07-17', 27554),
(4702, 95, '2018-08-16', 9992),
(4703, 95, '2018-07-13', 11038),
(4704, 95, '2018-07-26', 25760),
(4705, 95, '2018-07-24', 24562),
(4706, 95, '2018-08-28', 30512),
(4707, 95, '2018-08-14', 4894),
(4708, 95, '2018-07-30', 31327),
(4709, 95, '2018-07-03', 12604),
(4710, 95, '2018-07-26', 20594),
(4711, 95, '2018-08-07', 16807),
(4712, 95, '2018-08-13', 8323),
(4713, 95, '2018-08-08', 30379),
(4714, 95, '2018-07-20', 14434),
(4715, 95, '2018-07-23', 8358),
(4716, 95, '2018-07-04', 11178),
(4717, 95, '2018-08-01', 34176),
(4718, 95, '2018-08-30', 28476),
(4719, 95, '2018-06-23', 25173),
(4720, 95, '2018-08-17', 16617),
(4721, 95, '2018-08-14', 10839),
(4722, 95, '2018-08-26', 10295),
(4723, 95, '2018-08-21', 7927),
(4724, 95, '2018-06-29', 33597),
(4725, 95, '2018-06-26', 6891),
(4726, 95, '2018-08-27', 22481),
(4727, 95, '2018-08-28', 25776),
(4728, 95, '2018-08-10', 22259),
(4729, 95, '2018-07-27', 22841),
(4730, 95, '2018-08-30', 11548),
(4731, 95, '2018-07-28', 30000),
(4732, 95, '2018-07-06', 24547),
(4733, 95, '2018-07-19', 10063),
(4734, 95, '2018-07-12', 22314),
(4735, 95, '2018-08-21', 21784),
(4736, 95, '2018-06-18', 12560),
(4737, 95, '2018-07-30', 10483),
(4738, 95, '2018-08-30', 27660),
(4739, 95, '2018-08-07', 15967),
(4740, 95, '2018-07-25', 17704),
(4741, 95, '2018-08-19', 3329),
(4742, 95, '2018-08-19', 19421),
(4743, 95, '2018-08-10', 30361),
(4744, 95, '2018-07-31', 4316),
(4745, 95, '2018-08-09', 28886),
(4746, 95, '2018-07-01', 18424),
(4747, 95, '2018-08-25', 5833),
(4748, 95, '2018-08-01', 14713),
(4749, 95, '2018-07-24', 21638),
(4750, 95, '2018-06-25', 29611),
(4751, 96, '2018-07-25', 20085),
(4752, 96, '2018-08-05', 6092),
(4753, 96, '2018-08-18', 20181),
(4754, 96, '2018-08-26', 25516),
(4755, 96, '2018-07-17', 23549),
(4756, 96, '2018-08-06', 19469),
(4757, 96, '2018-08-15', 27555),
(4758, 96, '2018-08-27', 28511),
(4759, 96, '2018-07-08', 19829),
(4760, 96, '2018-08-04', 3042),
(4761, 96, '2018-08-25', 20236),
(4762, 96, '2018-06-15', 14807),
(4763, 96, '2018-08-27', 9980),
(4764, 96, '2018-07-21', 9372),
(4765, 96, '2018-06-29', 26299),
(4766, 96, '2018-08-06', 17466),
(4767, 96, '2018-08-26', 13320),
(4768, 96, '2018-07-17', 32585),
(4769, 96, '2018-06-15', 34991),
(4770, 96, '2018-08-10', 7594),
(4771, 96, '2018-06-16', 31851),
(4772, 96, '2018-06-24', 12237),
(4773, 96, '2018-08-25', 7394),
(4774, 96, '2018-08-05', 15587),
(4775, 96, '2018-07-17', 18783),
(4776, 96, '2018-07-28', 25350),
(4777, 96, '2018-07-11', 9602),
(4778, 96, '2018-08-29', 13740),
(4779, 96, '2018-07-29', 10901),
(4780, 96, '2018-08-23', 31007),
(4781, 96, '2018-08-07', 30252),
(4782, 96, '2018-07-30', 20218),
(4783, 96, '2018-06-19', 27028),
(4784, 96, '2018-08-08', 15553),
(4785, 96, '2018-07-20', 24751),
(4786, 96, '2018-08-19', 7321),
(4787, 96, '2018-08-22', 30807),
(4788, 96, '2018-08-05', 24357),
(4789, 96, '2018-08-17', 10234),
(4790, 96, '2018-07-26', 4844),
(4791, 96, '2018-08-20', 23215),
(4792, 96, '2018-08-03', 26453),
(4793, 96, '2018-08-28', 10419),
(4794, 96, '2018-08-01', 5739),
(4795, 96, '2018-08-25', 8900),
(4796, 96, '2018-06-18', 20617),
(4797, 96, '2018-08-11', 11058),
(4798, 96, '2018-08-22', 27160),
(4799, 96, '2018-06-25', 4831),
(4800, 96, '2018-08-15', 24110),
(4801, 97, '2018-08-19', 4366),
(4802, 97, '2018-07-12', 30672),
(4803, 97, '2018-06-14', 30657),
(4804, 97, '2018-08-07', 13041),
(4805, 97, '2018-07-05', 21901),
(4806, 97, '2018-08-28', 13451),
(4807, 97, '2018-07-10', 9281),
(4808, 97, '2018-07-29', 17097),
(4809, 97, '2018-08-21', 18697),
(4810, 97, '2018-08-01', 25217),
(4811, 97, '2018-06-16', 18673),
(4812, 97, '2018-08-19', 22680),
(4813, 97, '2018-08-03', 28680),
(4814, 97, '2018-08-01', 11606),
(4815, 97, '2018-07-21', 21264),
(4816, 97, '2018-08-09', 10890),
(4817, 97, '2018-08-31', 16571),
(4818, 97, '2018-08-14', 11967),
(4819, 97, '2018-08-28', 8435),
(4820, 97, '2018-06-15', 9688),
(4821, 97, '2018-07-17', 9594),
(4822, 97, '2018-08-29', 15218),
(4823, 97, '2018-07-27', 5661),
(4824, 97, '2018-07-12', 3307),
(4825, 97, '2018-06-25', 34500),
(4826, 97, '2018-07-28', 18146),
(4827, 97, '2018-07-23', 31762),
(4828, 97, '2018-06-17', 8410),
(4829, 97, '2018-08-27', 15729),
(4830, 97, '2018-08-28', 18434),
(4831, 97, '2018-06-23', 16446),
(4832, 97, '2018-08-10', 14033),
(4833, 97, '2018-07-18', 22450),
(4834, 97, '2018-08-13', 29331),
(4835, 97, '2018-06-24', 12911),
(4836, 97, '2018-07-27', 20096),
(4837, 97, '2018-08-08', 33600),
(4838, 97, '2018-08-13', 32211),
(4839, 97, '2018-08-01', 26823),
(4840, 97, '2018-07-03', 12420),
(4841, 97, '2018-08-28', 27938),
(4842, 97, '2018-06-24', 12119),
(4843, 97, '2018-06-28', 10586),
(4844, 97, '2018-08-20', 30174),
(4845, 97, '2018-07-12', 22665),
(4846, 97, '2018-08-08', 9649),
(4847, 97, '2018-08-15', 22395),
(4848, 97, '2018-07-29', 23488),
(4849, 97, '2018-08-23', 5130),
(4850, 97, '2018-06-26', 34642),
(4851, 98, '2018-06-19', 5505),
(4852, 98, '2018-08-06', 23940),
(4853, 98, '2018-07-17', 7948),
(4854, 98, '2018-07-26', 6096),
(4855, 98, '2018-07-27', 11201),
(4856, 98, '2018-07-10', 23723),
(4857, 98, '2018-07-31', 21671),
(4858, 98, '2018-08-10', 32589),
(4859, 98, '2018-08-21', 6776),
(4860, 98, '2018-08-26', 29109),
(4861, 98, '2018-07-02', 14382),
(4862, 98, '2018-08-30', 3894),
(4863, 98, '2018-07-14', 25205),
(4864, 98, '2018-07-15', 15862),
(4865, 98, '2018-08-11', 18933),
(4866, 98, '2018-08-08', 32438),
(4867, 98, '2018-08-06', 5249),
(4868, 98, '2018-06-24', 24979),
(4869, 98, '2018-08-19', 19349),
(4870, 98, '2018-08-30', 7039),
(4871, 98, '2018-08-16', 3827),
(4872, 98, '2018-08-09', 20040),
(4873, 98, '2018-07-26', 22554),
(4874, 98, '2018-08-18', 12545),
(4875, 98, '2018-07-12', 23093),
(4876, 98, '2018-08-06', 17644),
(4877, 98, '2018-08-02', 6855),
(4878, 98, '2018-08-24', 28201),
(4879, 98, '2018-08-23', 8478),
(4880, 98, '2018-07-30', 26153),
(4881, 98, '2018-08-29', 11013),
(4882, 98, '2018-08-24', 3652),
(4883, 98, '2018-08-11', 30000),
(4884, 98, '2018-07-21', 27500),
(4885, 98, '2018-07-21', 33686),
(4886, 98, '2018-07-08', 10687),
(4887, 98, '2018-07-01', 6860),
(4888, 98, '2018-08-25', 30957),
(4889, 98, '2018-08-13', 10433),
(4890, 98, '2018-08-12', 34054),
(4891, 98, '2018-08-12', 12361),
(4892, 98, '2018-07-14', 15295),
(4893, 98, '2018-08-01', 31451),
(4894, 98, '2018-08-23', 25407),
(4895, 98, '2018-08-21', 21486),
(4896, 98, '2018-06-19', 28340),
(4897, 98, '2018-07-17', 7816),
(4898, 98, '2018-08-17', 23178),
(4899, 98, '2018-07-17', 29587),
(4900, 98, '2018-08-25', 19474),
(4901, 99, '2018-08-08', 29331),
(4902, 99, '2018-06-26', 11694),
(4903, 99, '2018-08-18', 22478),
(4904, 99, '2018-08-09', 25671),
(4905, 99, '2018-07-26', 31663),
(4906, 99, '2018-08-05', 33056),
(4907, 99, '2018-08-01', 17621),
(4908, 99, '2018-06-30', 29799),
(4909, 99, '2018-06-26', 33329),
(4910, 99, '2018-06-23', 20323),
(4911, 99, '2018-08-01', 19697),
(4912, 99, '2018-08-05', 13465),
(4913, 99, '2018-07-16', 5852),
(4914, 99, '2018-07-16', 18843),
(4915, 99, '2018-07-14', 19727),
(4916, 99, '2018-08-16', 18092),
(4917, 99, '2018-08-21', 17129),
(4918, 99, '2018-06-18', 5846),
(4919, 99, '2018-08-18', 3901),
(4920, 99, '2018-08-29', 33387),
(4921, 99, '2018-07-13', 8256),
(4922, 99, '2018-08-26', 5315),
(4923, 99, '2018-08-18', 27878),
(4924, 99, '2018-08-01', 24731),
(4925, 99, '2018-06-17', 27943),
(4926, 99, '2018-08-20', 5135),
(4927, 99, '2018-07-26', 20085),
(4928, 99, '2018-08-01', 29744),
(4929, 99, '2018-08-16', 27281),
(4930, 99, '2018-08-25', 22341),
(4931, 99, '2018-08-10', 8294),
(4932, 99, '2018-08-26', 12297),
(4933, 99, '2018-06-28', 17079),
(4934, 99, '2018-08-07', 30161),
(4935, 99, '2018-08-22', 21729),
(4936, 99, '2018-07-13', 14673),
(4937, 99, '2018-08-01', 3771),
(4938, 99, '2018-08-22', 15208),
(4939, 99, '2018-07-26', 24087),
(4940, 99, '2018-08-10', 12273),
(4941, 99, '2018-07-30', 30188),
(4942, 99, '2018-08-04', 22857),
(4943, 99, '2018-07-14', 19696),
(4944, 99, '2018-08-04', 23067),
(4945, 99, '2018-06-19', 17928),
(4946, 99, '2018-07-28', 7181),
(4947, 99, '2018-08-01', 15157),
(4948, 99, '2018-08-01', 15314),
(4949, 99, '2018-08-13', 6134),
(4950, 99, '2018-08-01', 8037),
(4951, 100, '2018-08-18', 7840),
(4952, 100, '2018-08-17', 23689),
(4953, 100, '2018-08-01', 9969),
(4954, 100, '2018-08-20', 8881),
(4955, 100, '2018-07-20', 28688),
(4956, 100, '2018-07-17', 10740),
(4957, 100, '2018-08-01', 14704),
(4958, 100, '2018-08-12', 9957),
(4959, 100, '2018-08-17', 34089),
(4960, 100, '2018-07-26', 29453),
(4961, 100, '2018-06-19', 33592),
(4962, 100, '2018-08-03', 20166),
(4963, 100, '2018-08-01', 4610),
(4964, 100, '2018-06-27', 21330),
(4965, 100, '2018-06-23', 3551),
(4966, 100, '2018-06-27', 19650),
(4967, 100, '2018-08-17', 4197),
(4968, 100, '2018-07-11', 19030),
(4969, 100, '2018-08-30', 34651),
(4970, 100, '2018-08-23', 22937),
(4971, 100, '2018-07-31', 13625),
(4972, 100, '2018-07-16', 16070),
(4973, 100, '2018-07-31', 20579),
(4974, 100, '2018-07-22', 13009),
(4975, 100, '2018-06-15', 9985),
(4976, 100, '2018-06-23', 16143),
(4977, 100, '2018-07-23', 25829),
(4978, 100, '2018-06-29', 20960),
(4979, 100, '2018-06-17', 24777),
(4980, 100, '2018-08-16', 24780),
(4981, 100, '2018-07-11', 17391),
(4982, 100, '2018-06-28', 12764),
(4983, 100, '2018-08-01', 25046),
(4984, 100, '2018-08-15', 15886),
(4985, 100, '2018-06-22', 6201),
(4986, 100, '2018-08-02', 10459),
(4987, 100, '2018-07-03', 24277),
(4988, 100, '2018-08-07', 5835),
(4989, 100, '2018-08-23', 26459),
(4990, 100, '2018-06-23', 10127),
(4991, 100, '2018-07-09', 24079),
(4992, 100, '2018-07-05', 27876),
(4993, 100, '2018-08-16', 9722),
(4994, 100, '2018-06-24', 30035),
(4995, 100, '2018-06-28', 7598),
(4996, 100, '2018-08-28', 21714),
(4997, 100, '2018-08-21', 16360),
(4998, 100, '2018-08-17', 27448),
(4999, 100, '2018-08-25', 30157),
(5000, 100, '2018-06-18', 30813);

-- Dummy Data: Guests 1 - 10
INSERT IGNORE INTO guests (id, first_name, last_name, email) 
VALUES (1, 'Mallory', 'Ulyet', 'mulyet0@google.com.hk'),
(2, 'Johnath', 'Attkins', 'jattkins1@answers.com'),
(3, 'Heidie', 'Husset', 'hhusset2@jigsy.com'),
(4, 'Baxy', 'Tollfree', 'btollfree3@wikimedia.org'),
(5, 'Noach', 'Sessuns', 'nsessuns4@bloglines.com'),
(6, 'Nollie', 'Loomis', 'nloomis5@tiny.cc'),
(7, 'Libbie', 'Keoghane', 'lkeoghane6@tumblr.com'),
(8, 'Giles', 'Grenfell', 'ggrenfell7@auda.org.au'),
(9, 'Georgeta', 'Gear', 'ggear8@google.nl'),
(10, 'Jack', 'Rosson', 'jrosson9@rakuten.co.jp');

-- Dummy Data: Bookings - 10 per room
INSERT IGNORE INTO bookings (id, room_id, guest_id, check_in, check_out) 
VALUES (1, 1, 1, '2018-08-29', '2018-07-10'),
(2, 1, 2, '2018-08-21', '2018-07-07'),
(3, 1, 3, '2018-08-19', '2018-07-06'),
(4, 1, 4, '2018-08-27', '2018-07-10'),
(5, 1, 5, '2018-08-22', '2018-07-05'),
(6, 1, 6, '2018-08-18', '2018-07-10'),
(7, 1, 7, '2018-08-29', '2018-07-04'),
(8, 1, 8, '2018-08-16', '2018-07-09'),
(9, 1, 9, '2018-08-22', '2018-07-07'),
(10, 1, 10, '2018-08-21', '2018-07-10'),
(11, 2, 1, '2018-08-23', '2018-07-03'),
(12, 2, 2, '2018-08-20', '2018-07-04'),
(13, 2, 3, '2018-08-26', '2018-07-09'),
(14, 2, 4, '2018-08-29', '2018-07-06'),
(15, 2, 5, '2018-08-30', '2018-07-03'),
(16, 2, 6, '2018-08-17', '2018-07-07'),
(17, 2, 7, '2018-08-18', '2018-07-01'),
(18, 2, 8, '2018-08-17', '2018-07-04'),
(19, 2, 9, '2018-08-27', '2018-07-04'),
(20, 2, 10, '2018-08-25', '2018-07-06'),
(21, 3, 1, '2018-08-15', '2018-07-04'),
(22, 3, 2, '2018-08-21', '2018-07-13'),
(23, 3, 3, '2018-08-18', '2018-07-11'),
(24, 3, 4, '2018-08-27', '2018-07-08'),
(25, 3, 5, '2018-08-16', '2018-07-05'),
(26, 3, 6, '2018-08-22', '2018-07-09'),
(27, 3, 7, '2018-08-21', '2018-07-03'),
(28, 3, 8, '2018-08-24', '2018-07-02'),
(29, 3, 9, '2018-08-24', '2018-07-07'),
(30, 3, 10, '2018-08-27', '2018-07-03'),
(31, 4, 1, '2018-08-19', '2018-07-04'),
(32, 4, 2, '2018-08-20', '2018-07-13'),
(33, 4, 3, '2018-08-24', '2018-07-09'),
(34, 4, 4, '2018-08-21', '2018-07-09'),
(35, 4, 5, '2018-08-23', '2018-07-08'),
(36, 4, 6, '2018-08-29', '2018-07-13'),
(37, 4, 7, '2018-08-16', '2018-07-10'),
(38, 4, 8, '2018-08-30', '2018-07-05'),
(39, 4, 9, '2018-08-23', '2018-07-02'),
(40, 4, 10, '2018-08-22', '2018-07-13'),
(41, 5, 1, '2018-08-20', '2018-07-03'),
(42, 5, 2, '2018-08-22', '2018-07-05'),
(43, 5, 3, '2018-08-15', '2018-07-06'),
(44, 5, 4, '2018-08-20', '2018-07-06'),
(45, 5, 5, '2018-08-23', '2018-07-11'),
(46, 5, 6, '2018-08-29', '2018-07-08'),
(47, 5, 7, '2018-08-20', '2018-07-13'),
(48, 5, 8, '2018-08-28', '2018-07-01'),
(49, 5, 9, '2018-08-29', '2018-07-06'),
(50, 5, 10, '2018-08-25', '2018-07-11'),
(51, 6, 1, '2018-08-20', '2018-07-06'),
(52, 6, 2, '2018-08-15', '2018-07-11'),
(53, 6, 3, '2018-08-17', '2018-07-12'),
(54, 6, 4, '2018-08-30', '2018-07-07'),
(55, 6, 5, '2018-08-25', '2018-07-02'),
(56, 6, 6, '2018-08-28', '2018-07-10'),
(57, 6, 7, '2018-08-16', '2018-07-07'),
(58, 6, 8, '2018-08-21', '2018-07-05'),
(59, 6, 9, '2018-08-19', '2018-07-11'),
(60, 6, 10, '2018-08-25', '2018-07-09'),
(61, 7, 1, '2018-08-20', '2018-07-11'),
(62, 7, 2, '2018-08-17', '2018-07-06'),
(63, 7, 3, '2018-08-29', '2018-07-08'),
(64, 7, 4, '2018-08-20', '2018-07-02'),
(65, 7, 5, '2018-08-28', '2018-07-06'),
(66, 7, 6, '2018-08-20', '2018-07-07'),
(67, 7, 7, '2018-08-18', '2018-07-10'),
(68, 7, 8, '2018-08-17', '2018-07-03'),
(69, 7, 9, '2018-08-19', '2018-07-13'),
(70, 7, 10, '2018-08-23', '2018-07-09'),
(71, 8, 1, '2018-08-18', '2018-07-08'),
(72, 8, 2, '2018-08-25', '2018-07-07'),
(73, 8, 3, '2018-08-22', '2018-07-07'),
(74, 8, 4, '2018-08-25', '2018-07-05'),
(75, 8, 5, '2018-08-26', '2018-07-11'),
(76, 8, 6, '2018-08-20', '2018-07-10'),
(77, 8, 7, '2018-08-22', '2018-07-10'),
(78, 8, 8, '2018-08-22', '2018-07-14'),
(79, 8, 9, '2018-08-17', '2018-07-11'),
(80, 8, 10, '2018-08-22', '2018-07-09'),
(81, 9, 1, '2018-08-29', '2018-07-06'),
(82, 9, 2, '2018-08-22', '2018-07-07'),
(83, 9, 3, '2018-08-15', '2018-07-01'),
(84, 9, 4, '2018-08-25', '2018-07-10'),
(85, 9, 5, '2018-08-18', '2018-07-12'),
(86, 9, 6, '2018-08-16', '2018-07-03'),
(87, 9, 7, '2018-08-25', '2018-07-10'),
(88, 9, 8, '2018-08-23', '2018-07-06'),
(89, 9, 9, '2018-08-20', '2018-07-10'),
(90, 9, 10, '2018-08-22', '2018-07-06'),
(91, 10, 1, '2018-08-22', '2018-07-04'),
(92, 10, 2, '2018-08-15', '2018-07-14'),
(93, 10, 3, '2018-08-28', '2018-07-11'),
(94, 10, 4, '2018-08-25', '2018-07-07'),
(95, 10, 5, '2018-08-26', '2018-07-11'),
(96, 10, 6, '2018-08-20', '2018-07-11'),
(97, 10, 7, '2018-08-23', '2018-07-04'),
(98, 10, 8, '2018-08-17', '2018-07-10'),
(99, 10, 9, '2018-08-18', '2018-07-05'),
(100, 10, 10, '2018-08-26', '2018-07-05'),
(101, 11, 1, '2018-08-30', '2018-07-04'),
(102, 11, 2, '2018-08-20', '2018-07-06'),
(103, 11, 3, '2018-08-26', '2018-07-14'),
(104, 11, 4, '2018-08-29', '2018-07-12'),
(105, 11, 5, '2018-08-20', '2018-07-09'),
(106, 11, 6, '2018-08-28', '2018-07-14'),
(107, 11, 7, '2018-08-25', '2018-07-11'),
(108, 11, 8, '2018-08-18', '2018-07-12'),
(109, 11, 9, '2018-08-30', '2018-07-10'),
(110, 11, 10, '2018-08-21', '2018-07-13'),
(111, 12, 1, '2018-08-20', '2018-07-11'),
(112, 12, 2, '2018-08-21', '2018-07-04'),
(113, 12, 3, '2018-08-16', '2018-07-07'),
(114, 12, 4, '2018-08-18', '2018-07-07'),
(115, 12, 5, '2018-08-19', '2018-07-14'),
(116, 12, 6, '2018-08-26', '2018-07-07'),
(117, 12, 7, '2018-08-28', '2018-07-13'),
(118, 12, 8, '2018-08-27', '2018-07-09'),
(119, 12, 9, '2018-08-27', '2018-07-10'),
(120, 12, 10, '2018-08-22', '2018-07-03'),
(121, 13, 1, '2018-08-16', '2018-07-07'),
(122, 13, 2, '2018-08-16', '2018-07-10'),
(123, 13, 3, '2018-08-20', '2018-07-11'),
(124, 13, 4, '2018-08-21', '2018-07-13'),
(125, 13, 5, '2018-08-28', '2018-07-06'),
(126, 13, 6, '2018-08-15', '2018-07-08'),
(127, 13, 7, '2018-08-19', '2018-07-09'),
(128, 13, 8, '2018-08-24', '2018-07-02'),
(129, 13, 9, '2018-08-29', '2018-07-03'),
(130, 13, 10, '2018-08-30', '2018-07-07'),
(131, 14, 1, '2018-08-29', '2018-07-14'),
(132, 14, 2, '2018-08-18', '2018-07-05'),
(133, 14, 3, '2018-08-24', '2018-07-08'),
(134, 14, 4, '2018-08-26', '2018-07-13'),
(135, 14, 5, '2018-08-27', '2018-07-08'),
(136, 14, 6, '2018-08-21', '2018-07-08'),
(137, 14, 7, '2018-08-24', '2018-07-02'),
(138, 14, 8, '2018-08-23', '2018-07-09'),
(139, 14, 9, '2018-08-28', '2018-07-01'),
(140, 14, 10, '2018-08-18', '2018-07-02'),
(141, 15, 1, '2018-08-26', '2018-07-01'),
(142, 15, 2, '2018-08-16', '2018-07-03'),
(143, 15, 3, '2018-08-15', '2018-07-03'),
(144, 15, 4, '2018-08-29', '2018-07-03'),
(145, 15, 5, '2018-08-25', '2018-07-01'),
(146, 15, 6, '2018-08-29', '2018-07-05'),
(147, 15, 7, '2018-08-21', '2018-07-04'),
(148, 15, 8, '2018-08-18', '2018-07-07'),
(149, 15, 9, '2018-08-27', '2018-07-12'),
(150, 15, 10, '2018-08-30', '2018-07-08'),
(151, 16, 1, '2018-08-25', '2018-07-05'),
(152, 16, 2, '2018-08-22', '2018-07-13'),
(153, 16, 3, '2018-08-19', '2018-07-09'),
(154, 16, 4, '2018-08-28', '2018-07-14'),
(155, 16, 5, '2018-08-30', '2018-07-11'),
(156, 16, 6, '2018-08-20', '2018-07-04'),
(157, 16, 7, '2018-08-20', '2018-07-11'),
(158, 16, 8, '2018-08-25', '2018-07-03'),
(159, 16, 9, '2018-08-27', '2018-07-04'),
(160, 16, 10, '2018-08-24', '2018-07-10'),
(161, 17, 1, '2018-08-29', '2018-07-02'),
(162, 17, 2, '2018-08-23', '2018-07-13'),
(163, 17, 3, '2018-08-19', '2018-07-07'),
(164, 17, 4, '2018-08-23', '2018-07-05'),
(165, 17, 5, '2018-08-15', '2018-07-11'),
(166, 17, 6, '2018-08-18', '2018-07-08'),
(167, 17, 7, '2018-08-15', '2018-07-14'),
(168, 17, 8, '2018-08-26', '2018-07-06'),
(169, 17, 9, '2018-08-27', '2018-07-14'),
(170, 17, 10, '2018-08-15', '2018-07-03'),
(171, 18, 1, '2018-08-24', '2018-07-03'),
(172, 18, 2, '2018-08-22', '2018-07-05'),
(173, 18, 3, '2018-08-19', '2018-07-11'),
(174, 18, 4, '2018-08-18', '2018-07-02'),
(175, 18, 5, '2018-08-15', '2018-07-09'),
(176, 18, 6, '2018-08-15', '2018-07-12'),
(177, 18, 7, '2018-08-17', '2018-07-10'),
(178, 18, 8, '2018-08-27', '2018-07-02'),
(179, 18, 9, '2018-08-23', '2018-07-07'),
(180, 18, 10, '2018-08-29', '2018-07-14'),
(181, 19, 1, '2018-08-16', '2018-07-02'),
(182, 19, 2, '2018-08-17', '2018-07-02'),
(183, 19, 3, '2018-08-23', '2018-07-08'),
(184, 19, 4, '2018-08-20', '2018-07-01'),
(185, 19, 5, '2018-08-16', '2018-07-01'),
(186, 19, 6, '2018-08-18', '2018-07-09'),
(187, 19, 7, '2018-08-24', '2018-07-08'),
(188, 19, 8, '2018-08-23', '2018-07-14'),
(189, 19, 9, '2018-08-30', '2018-07-08'),
(190, 19, 10, '2018-08-22', '2018-07-10'),
(191, 20, 1, '2018-08-17', '2018-07-07'),
(192, 20, 2, '2018-08-18', '2018-07-12'),
(193, 20, 3, '2018-08-18', '2018-07-12'),
(194, 20, 4, '2018-08-16', '2018-07-03'),
(195, 20, 5, '2018-08-30', '2018-07-11'),
(196, 20, 6, '2018-08-25', '2018-07-05'),
(197, 20, 7, '2018-08-17', '2018-07-07'),
(198, 20, 8, '2018-08-23', '2018-07-06'),
(199, 20, 9, '2018-08-24', '2018-07-07'),
(200, 20, 10, '2018-08-27', '2018-07-06'),
(201, 21, 1, '2018-08-22', '2018-07-04'),
(202, 21, 2, '2018-08-30', '2018-07-10'),
(203, 21, 3, '2018-08-30', '2018-07-06'),
(204, 21, 4, '2018-08-27', '2018-07-11'),
(205, 21, 5, '2018-08-23', '2018-07-12'),
(206, 21, 6, '2018-08-25', '2018-07-05'),
(207, 21, 7, '2018-08-23', '2018-07-01'),
(208, 21, 8, '2018-08-30', '2018-07-14'),
(209, 21, 9, '2018-08-24', '2018-07-06'),
(210, 21, 10, '2018-08-24', '2018-07-06'),
(211, 22, 1, '2018-08-23', '2018-07-14'),
(212, 22, 2, '2018-08-27', '2018-07-09'),
(213, 22, 3, '2018-08-25', '2018-07-08'),
(214, 22, 4, '2018-08-28', '2018-07-02'),
(215, 22, 5, '2018-08-26', '2018-07-14'),
(216, 22, 6, '2018-08-24', '2018-07-01'),
(217, 22, 7, '2018-08-15', '2018-07-14'),
(218, 22, 8, '2018-08-24', '2018-07-09'),
(219, 22, 9, '2018-08-17', '2018-07-07'),
(220, 22, 10, '2018-08-16', '2018-07-02'),
(221, 23, 1, '2018-08-21', '2018-07-08'),
(222, 23, 2, '2018-08-15', '2018-07-03'),
(223, 23, 3, '2018-08-21', '2018-07-02'),
(224, 23, 4, '2018-08-20', '2018-07-06'),
(225, 23, 5, '2018-08-23', '2018-07-03'),
(226, 23, 6, '2018-08-29', '2018-07-01'),
(227, 23, 7, '2018-08-27', '2018-07-09'),
(228, 23, 8, '2018-08-25', '2018-07-10'),
(229, 23, 9, '2018-08-20', '2018-07-14'),
(230, 23, 10, '2018-08-16', '2018-07-01'),
(231, 24, 1, '2018-08-17', '2018-07-03'),
(232, 24, 2, '2018-08-20', '2018-07-11'),
(233, 24, 3, '2018-08-28', '2018-07-03'),
(234, 24, 4, '2018-08-19', '2018-07-12'),
(235, 24, 5, '2018-08-19', '2018-07-10'),
(236, 24, 6, '2018-08-28', '2018-07-09'),
(237, 24, 7, '2018-08-25', '2018-07-13'),
(238, 24, 8, '2018-08-28', '2018-07-14'),
(239, 24, 9, '2018-08-17', '2018-07-13'),
(240, 24, 10, '2018-08-15', '2018-07-08'),
(241, 25, 1, '2018-08-15', '2018-07-05'),
(242, 25, 2, '2018-08-20', '2018-07-14'),
(243, 25, 3, '2018-08-30', '2018-07-09'),
(244, 25, 4, '2018-08-26', '2018-07-13'),
(245, 25, 5, '2018-08-24', '2018-07-12'),
(246, 25, 6, '2018-08-25', '2018-07-09'),
(247, 25, 7, '2018-08-30', '2018-07-12'),
(248, 25, 8, '2018-08-18', '2018-07-10'),
(249, 25, 9, '2018-08-28', '2018-07-10'),
(250, 25, 10, '2018-08-27', '2018-07-06'),
(251, 26, 1, '2018-08-23', '2018-07-12'),
(252, 26, 2, '2018-08-24', '2018-07-05'),
(253, 26, 3, '2018-08-24', '2018-07-06'),
(254, 26, 4, '2018-08-26', '2018-07-03'),
(255, 26, 5, '2018-08-27', '2018-07-11'),
(256, 26, 6, '2018-08-20', '2018-07-03'),
(257, 26, 7, '2018-08-15', '2018-07-10'),
(258, 26, 8, '2018-08-24', '2018-07-12'),
(259, 26, 9, '2018-08-26', '2018-07-03'),
(260, 26, 10, '2018-08-26', '2018-07-02'),
(261, 27, 1, '2018-08-29', '2018-07-04'),
(262, 27, 2, '2018-08-27', '2018-07-09'),
(263, 27, 3, '2018-08-17', '2018-07-01'),
(264, 27, 4, '2018-08-18', '2018-07-10'),
(265, 27, 5, '2018-08-25', '2018-07-14'),
(266, 27, 6, '2018-08-18', '2018-07-10'),
(267, 27, 7, '2018-08-29', '2018-07-11'),
(268, 27, 8, '2018-08-17', '2018-07-13'),
(269, 27, 9, '2018-08-30', '2018-07-08'),
(270, 27, 10, '2018-08-15', '2018-07-01'),
(271, 28, 1, '2018-08-26', '2018-07-08'),
(272, 28, 2, '2018-08-29', '2018-07-09'),
(273, 28, 3, '2018-08-28', '2018-07-14'),
(274, 28, 4, '2018-08-24', '2018-07-09'),
(275, 28, 5, '2018-08-17', '2018-07-07'),
(276, 28, 6, '2018-08-18', '2018-07-07'),
(277, 28, 7, '2018-08-18', '2018-07-04'),
(278, 28, 8, '2018-08-19', '2018-07-02'),
(279, 28, 9, '2018-08-29', '2018-07-08'),
(280, 28, 10, '2018-08-20', '2018-07-12'),
(281, 29, 1, '2018-08-25', '2018-07-14'),
(282, 29, 2, '2018-08-24', '2018-07-04'),
(283, 29, 3, '2018-08-24', '2018-07-02'),
(284, 29, 4, '2018-08-30', '2018-07-12'),
(285, 29, 5, '2018-08-15', '2018-07-07'),
(286, 29, 6, '2018-08-17', '2018-07-07'),
(287, 29, 7, '2018-08-30', '2018-07-07'),
(288, 29, 8, '2018-08-27', '2018-07-13'),
(289, 29, 9, '2018-08-19', '2018-07-04'),
(290, 29, 10, '2018-08-19', '2018-07-06'),
(291, 30, 1, '2018-08-19', '2018-07-10'),
(292, 30, 2, '2018-08-15', '2018-07-01'),
(293, 30, 3, '2018-08-26', '2018-07-02'),
(294, 30, 4, '2018-08-29', '2018-07-05'),
(295, 30, 5, '2018-08-23', '2018-07-07'),
(296, 30, 6, '2018-08-16', '2018-07-07'),
(297, 30, 7, '2018-08-29', '2018-07-11'),
(298, 30, 8, '2018-08-30', '2018-07-08'),
(299, 30, 9, '2018-08-15', '2018-07-05'),
(300, 30, 10, '2018-08-17', '2018-07-13'),
(301, 31, 1, '2018-08-21', '2018-07-11'),
(302, 31, 2, '2018-08-22', '2018-07-01'),
(303, 31, 3, '2018-08-30', '2018-07-03'),
(304, 31, 4, '2018-08-15', '2018-07-07'),
(305, 31, 5, '2018-08-27', '2018-07-12'),
(306, 31, 6, '2018-08-28', '2018-07-08'),
(307, 31, 7, '2018-08-23', '2018-07-11'),
(308, 31, 8, '2018-08-29', '2018-07-09'),
(309, 31, 9, '2018-08-17', '2018-07-04'),
(310, 31, 10, '2018-08-24', '2018-07-07'),
(311, 32, 1, '2018-08-22', '2018-07-02'),
(312, 32, 2, '2018-08-24', '2018-07-02'),
(313, 32, 3, '2018-08-27', '2018-07-13'),
(314, 32, 4, '2018-08-23', '2018-07-10'),
(315, 32, 5, '2018-08-23', '2018-07-07'),
(316, 32, 6, '2018-08-17', '2018-07-13'),
(317, 32, 7, '2018-08-24', '2018-07-10'),
(318, 32, 8, '2018-08-25', '2018-07-08'),
(319, 32, 9, '2018-08-16', '2018-07-03'),
(320, 32, 10, '2018-08-18', '2018-07-02'),
(321, 33, 1, '2018-08-15', '2018-07-11'),
(322, 33, 2, '2018-08-25', '2018-07-07'),
(323, 33, 3, '2018-08-20', '2018-07-11'),
(324, 33, 4, '2018-08-24', '2018-07-08'),
(325, 33, 5, '2018-08-21', '2018-07-05'),
(326, 33, 6, '2018-08-19', '2018-07-02'),
(327, 33, 7, '2018-08-21', '2018-07-13'),
(328, 33, 8, '2018-08-30', '2018-07-05'),
(329, 33, 9, '2018-08-16', '2018-07-04'),
(330, 33, 10, '2018-08-30', '2018-07-02'),
(331, 34, 1, '2018-08-27', '2018-07-09'),
(332, 34, 2, '2018-08-19', '2018-07-03'),
(333, 34, 3, '2018-08-23', '2018-07-11'),
(334, 34, 4, '2018-08-28', '2018-07-08'),
(335, 34, 5, '2018-08-20', '2018-07-14'),
(336, 34, 6, '2018-08-24', '2018-07-02'),
(337, 34, 7, '2018-08-21', '2018-07-02'),
(338, 34, 8, '2018-08-26', '2018-07-03'),
(339, 34, 9, '2018-08-20', '2018-07-07'),
(340, 34, 10, '2018-08-21', '2018-07-07'),
(341, 35, 1, '2018-08-22', '2018-07-12'),
(342, 35, 2, '2018-08-24', '2018-07-07'),
(343, 35, 3, '2018-08-16', '2018-07-14'),
(344, 35, 4, '2018-08-22', '2018-07-06'),
(345, 35, 5, '2018-08-27', '2018-07-13'),
(346, 35, 6, '2018-08-15', '2018-07-09'),
(347, 35, 7, '2018-08-16', '2018-07-03'),
(348, 35, 8, '2018-08-26', '2018-07-11'),
(349, 35, 9, '2018-08-25', '2018-07-11'),
(350, 35, 10, '2018-08-21', '2018-07-13'),
(351, 36, 1, '2018-08-19', '2018-07-13'),
(352, 36, 2, '2018-08-16', '2018-07-09'),
(353, 36, 3, '2018-08-19', '2018-07-02'),
(354, 36, 4, '2018-08-25', '2018-07-08'),
(355, 36, 5, '2018-08-16', '2018-07-04'),
(356, 36, 6, '2018-08-22', '2018-07-02'),
(357, 36, 7, '2018-08-24', '2018-07-11'),
(358, 36, 8, '2018-08-25', '2018-07-01'),
(359, 36, 9, '2018-08-30', '2018-07-01'),
(360, 36, 10, '2018-08-15', '2018-07-06'),
(361, 37, 1, '2018-08-15', '2018-07-07'),
(362, 37, 2, '2018-08-18', '2018-07-14'),
(363, 37, 3, '2018-08-21', '2018-07-04'),
(364, 37, 4, '2018-08-17', '2018-07-06'),
(365, 37, 5, '2018-08-26', '2018-07-10'),
(366, 37, 6, '2018-08-29', '2018-07-05'),
(367, 37, 7, '2018-08-15', '2018-07-08'),
(368, 37, 8, '2018-08-24', '2018-07-08'),
(369, 37, 9, '2018-08-24', '2018-07-10'),
(370, 37, 10, '2018-08-16', '2018-07-12'),
(371, 38, 1, '2018-08-18', '2018-07-03'),
(372, 38, 2, '2018-08-21', '2018-07-14'),
(373, 38, 3, '2018-08-17', '2018-07-04'),
(374, 38, 4, '2018-08-28', '2018-07-09'),
(375, 38, 5, '2018-08-19', '2018-07-06'),
(376, 38, 6, '2018-08-29', '2018-07-01'),
(377, 38, 7, '2018-08-18', '2018-07-04'),
(378, 38, 8, '2018-08-24', '2018-07-04'),
(379, 38, 9, '2018-08-27', '2018-07-13'),
(380, 38, 10, '2018-08-26', '2018-07-12'),
(381, 39, 1, '2018-08-28', '2018-07-02'),
(382, 39, 2, '2018-08-18', '2018-07-10'),
(383, 39, 3, '2018-08-24', '2018-07-08'),
(384, 39, 4, '2018-08-22', '2018-07-06'),
(385, 39, 5, '2018-08-21', '2018-07-09'),
(386, 39, 6, '2018-08-16', '2018-07-14'),
(387, 39, 7, '2018-08-28', '2018-07-07'),
(388, 39, 8, '2018-08-30', '2018-07-04'),
(389, 39, 9, '2018-08-22', '2018-07-05'),
(390, 39, 10, '2018-08-24', '2018-07-10'),
(391, 40, 1, '2018-08-21', '2018-07-10'),
(392, 40, 2, '2018-08-26', '2018-07-11'),
(393, 40, 3, '2018-08-17', '2018-07-13'),
(394, 40, 4, '2018-08-26', '2018-07-14'),
(395, 40, 5, '2018-08-16', '2018-07-06'),
(396, 40, 6, '2018-08-23', '2018-07-03'),
(397, 40, 7, '2018-08-30', '2018-07-14'),
(398, 40, 8, '2018-08-19', '2018-07-14'),
(399, 40, 9, '2018-08-24', '2018-07-03'),
(400, 40, 10, '2018-08-15', '2018-07-02'),
(401, 41, 1, '2018-08-16', '2018-07-05'),
(402, 41, 2, '2018-08-24', '2018-07-05'),
(403, 41, 3, '2018-08-22', '2018-07-02'),
(404, 41, 4, '2018-08-28', '2018-07-01'),
(405, 41, 5, '2018-08-16', '2018-07-11'),
(406, 41, 6, '2018-08-30', '2018-07-12'),
(407, 41, 7, '2018-08-23', '2018-07-09'),
(408, 41, 8, '2018-08-22', '2018-07-09'),
(409, 41, 9, '2018-08-30', '2018-07-09'),
(410, 41, 10, '2018-08-27', '2018-07-04'),
(411, 42, 1, '2018-08-19', '2018-07-13'),
(412, 42, 2, '2018-08-15', '2018-07-06'),
(413, 42, 3, '2018-08-18', '2018-07-09'),
(414, 42, 4, '2018-08-21', '2018-07-01'),
(415, 42, 5, '2018-08-27', '2018-07-04'),
(416, 42, 6, '2018-08-29', '2018-07-14'),
(417, 42, 7, '2018-08-25', '2018-07-08'),
(418, 42, 8, '2018-08-24', '2018-07-11'),
(419, 42, 9, '2018-08-22', '2018-07-11'),
(420, 42, 10, '2018-08-21', '2018-07-03'),
(421, 43, 1, '2018-08-23', '2018-07-08'),
(422, 43, 2, '2018-08-22', '2018-07-03'),
(423, 43, 3, '2018-08-15', '2018-07-14'),
(424, 43, 4, '2018-08-18', '2018-07-07'),
(425, 43, 5, '2018-08-19', '2018-07-13'),
(426, 43, 6, '2018-08-30', '2018-07-03'),
(427, 43, 7, '2018-08-18', '2018-07-11'),
(428, 43, 8, '2018-08-30', '2018-07-12'),
(429, 43, 9, '2018-08-23', '2018-07-05'),
(430, 43, 10, '2018-08-15', '2018-07-01'),
(431, 44, 1, '2018-08-23', '2018-07-06'),
(432, 44, 2, '2018-08-25', '2018-07-06'),
(433, 44, 3, '2018-08-21', '2018-07-12'),
(434, 44, 4, '2018-08-23', '2018-07-14'),
(435, 44, 5, '2018-08-16', '2018-07-11'),
(436, 44, 6, '2018-08-27', '2018-07-12'),
(437, 44, 7, '2018-08-24', '2018-07-01'),
(438, 44, 8, '2018-08-20', '2018-07-11'),
(439, 44, 9, '2018-08-26', '2018-07-12'),
(440, 44, 10, '2018-08-20', '2018-07-04'),
(441, 45, 1, '2018-08-27', '2018-07-13'),
(442, 45, 2, '2018-08-15', '2018-07-06'),
(443, 45, 3, '2018-08-15', '2018-07-01'),
(444, 45, 4, '2018-08-26', '2018-07-11'),
(445, 45, 5, '2018-08-18', '2018-07-02'),
(446, 45, 6, '2018-08-19', '2018-07-10'),
(447, 45, 7, '2018-08-27', '2018-07-12'),
(448, 45, 8, '2018-08-21', '2018-07-11'),
(449, 45, 9, '2018-08-29', '2018-07-09'),
(450, 45, 10, '2018-08-26', '2018-07-09'),
(451, 46, 1, '2018-08-22', '2018-07-12'),
(452, 46, 2, '2018-08-17', '2018-07-12'),
(453, 46, 3, '2018-08-16', '2018-07-01'),
(454, 46, 4, '2018-08-27', '2018-07-10'),
(455, 46, 5, '2018-08-28', '2018-07-04'),
(456, 46, 6, '2018-08-26', '2018-07-08'),
(457, 46, 7, '2018-08-24', '2018-07-12'),
(458, 46, 8, '2018-08-29', '2018-07-08'),
(459, 46, 9, '2018-08-20', '2018-07-13'),
(460, 46, 10, '2018-08-18', '2018-07-03'),
(461, 47, 1, '2018-08-15', '2018-07-02'),
(462, 47, 2, '2018-08-23', '2018-07-06'),
(463, 47, 3, '2018-08-19', '2018-07-12'),
(464, 47, 4, '2018-08-21', '2018-07-09'),
(465, 47, 5, '2018-08-30', '2018-07-01'),
(466, 47, 6, '2018-08-18', '2018-07-04'),
(467, 47, 7, '2018-08-21', '2018-07-10'),
(468, 47, 8, '2018-08-29', '2018-07-07'),
(469, 47, 9, '2018-08-18', '2018-07-03'),
(470, 47, 10, '2018-08-20', '2018-07-02'),
(471, 48, 1, '2018-08-25', '2018-07-11'),
(472, 48, 2, '2018-08-18', '2018-07-08'),
(473, 48, 3, '2018-08-19', '2018-07-03'),
(474, 48, 4, '2018-08-29', '2018-07-09'),
(475, 48, 5, '2018-08-15', '2018-07-12'),
(476, 48, 6, '2018-08-28', '2018-07-04'),
(477, 48, 7, '2018-08-26', '2018-07-14'),
(478, 48, 8, '2018-08-19', '2018-07-07'),
(479, 48, 9, '2018-08-26', '2018-07-04'),
(480, 48, 10, '2018-08-18', '2018-07-07'),
(481, 49, 1, '2018-08-25', '2018-07-14'),
(482, 49, 2, '2018-08-17', '2018-07-06'),
(483, 49, 3, '2018-08-26', '2018-07-02'),
(484, 49, 4, '2018-08-18', '2018-07-14'),
(485, 49, 5, '2018-08-26', '2018-07-12'),
(486, 49, 6, '2018-08-23', '2018-07-05'),
(487, 49, 7, '2018-08-23', '2018-07-06'),
(488, 49, 8, '2018-08-27', '2018-07-11'),
(489, 49, 9, '2018-08-26', '2018-07-04'),
(490, 49, 10, '2018-08-28', '2018-07-12'),
(491, 50, 1, '2018-08-24', '2018-07-11'),
(492, 50, 2, '2018-08-26', '2018-07-09'),
(493, 50, 3, '2018-08-23', '2018-07-02'),
(494, 50, 4, '2018-08-20', '2018-07-02'),
(495, 50, 5, '2018-08-28', '2018-07-09'),
(496, 50, 6, '2018-08-30', '2018-07-08'),
(497, 50, 7, '2018-08-30', '2018-07-06'),
(498, 50, 8, '2018-08-18', '2018-07-14'),
(499, 50, 9, '2018-08-21', '2018-07-01'),
(500, 50, 10, '2018-08-16', '2018-07-05'),
(501, 51, 1, '2018-08-25', '2018-07-13'),
(502, 51, 2, '2018-08-21', '2018-07-02'),
(503, 51, 3, '2018-08-18', '2018-07-10'),
(504, 51, 4, '2018-08-20', '2018-07-06'),
(505, 51, 5, '2018-08-30', '2018-07-05'),
(506, 51, 6, '2018-08-25', '2018-07-05'),
(507, 51, 7, '2018-08-28', '2018-07-06'),
(508, 51, 8, '2018-08-15', '2018-07-04'),
(509, 51, 9, '2018-08-17', '2018-07-11'),
(510, 51, 10, '2018-08-22', '2018-07-13'),
(511, 52, 1, '2018-08-25', '2018-07-04'),
(512, 52, 2, '2018-08-27', '2018-07-06'),
(513, 52, 3, '2018-08-26', '2018-07-08'),
(514, 52, 4, '2018-08-17', '2018-07-05'),
(515, 52, 5, '2018-08-18', '2018-07-10'),
(516, 52, 6, '2018-08-18', '2018-07-02'),
(517, 52, 7, '2018-08-20', '2018-07-14'),
(518, 52, 8, '2018-08-30', '2018-07-09'),
(519, 52, 9, '2018-08-16', '2018-07-02'),
(520, 52, 10, '2018-08-15', '2018-07-01'),
(521, 53, 1, '2018-08-24', '2018-07-13'),
(522, 53, 2, '2018-08-21', '2018-07-07'),
(523, 53, 3, '2018-08-24', '2018-07-02'),
(524, 53, 4, '2018-08-17', '2018-07-03'),
(525, 53, 5, '2018-08-18', '2018-07-11'),
(526, 53, 6, '2018-08-20', '2018-07-13'),
(527, 53, 7, '2018-08-30', '2018-07-10'),
(528, 53, 8, '2018-08-22', '2018-07-11'),
(529, 53, 9, '2018-08-21', '2018-07-06'),
(530, 53, 10, '2018-08-24', '2018-07-03'),
(531, 54, 1, '2018-08-17', '2018-07-09'),
(532, 54, 2, '2018-08-28', '2018-07-12'),
(533, 54, 3, '2018-08-24', '2018-07-08'),
(534, 54, 4, '2018-08-15', '2018-07-09'),
(535, 54, 5, '2018-08-29', '2018-07-10'),
(536, 54, 6, '2018-08-19', '2018-07-13'),
(537, 54, 7, '2018-08-30', '2018-07-04'),
(538, 54, 8, '2018-08-25', '2018-07-03'),
(539, 54, 9, '2018-08-25', '2018-07-11'),
(540, 54, 10, '2018-08-25', '2018-07-04'),
(541, 55, 1, '2018-08-15', '2018-07-05'),
(542, 55, 2, '2018-08-25', '2018-07-02'),
(543, 55, 3, '2018-08-16', '2018-07-04'),
(544, 55, 4, '2018-08-20', '2018-07-12'),
(545, 55, 5, '2018-08-26', '2018-07-12'),
(546, 55, 6, '2018-08-17', '2018-07-01'),
(547, 55, 7, '2018-08-15', '2018-07-02'),
(548, 55, 8, '2018-08-15', '2018-07-03'),
(549, 55, 9, '2018-08-22', '2018-07-05'),
(550, 55, 10, '2018-08-15', '2018-07-04'),
(551, 56, 1, '2018-08-25', '2018-07-10'),
(552, 56, 2, '2018-08-22', '2018-07-01'),
(553, 56, 3, '2018-08-20', '2018-07-01'),
(554, 56, 4, '2018-08-30', '2018-07-04'),
(555, 56, 5, '2018-08-23', '2018-07-14'),
(556, 56, 6, '2018-08-15', '2018-07-05'),
(557, 56, 7, '2018-08-30', '2018-07-03'),
(558, 56, 8, '2018-08-16', '2018-07-12'),
(559, 56, 9, '2018-08-17', '2018-07-11'),
(560, 56, 10, '2018-08-24', '2018-07-04'),
(561, 57, 1, '2018-08-27', '2018-07-07'),
(562, 57, 2, '2018-08-20', '2018-07-01'),
(563, 57, 3, '2018-08-17', '2018-07-08'),
(564, 57, 4, '2018-08-21', '2018-07-10'),
(565, 57, 5, '2018-08-30', '2018-07-12'),
(566, 57, 6, '2018-08-23', '2018-07-13'),
(567, 57, 7, '2018-08-21', '2018-07-06'),
(568, 57, 8, '2018-08-21', '2018-07-05'),
(569, 57, 9, '2018-08-21', '2018-07-06'),
(570, 57, 10, '2018-08-23', '2018-07-09'),
(571, 58, 1, '2018-08-29', '2018-07-05'),
(572, 58, 2, '2018-08-23', '2018-07-09'),
(573, 58, 3, '2018-08-15', '2018-07-13'),
(574, 58, 4, '2018-08-26', '2018-07-03'),
(575, 58, 5, '2018-08-16', '2018-07-07'),
(576, 58, 6, '2018-08-18', '2018-07-11'),
(577, 58, 7, '2018-08-20', '2018-07-09'),
(578, 58, 8, '2018-08-20', '2018-07-13'),
(579, 58, 9, '2018-08-25', '2018-07-11'),
(580, 58, 10, '2018-08-22', '2018-07-11'),
(581, 59, 1, '2018-08-29', '2018-07-06'),
(582, 59, 2, '2018-08-19', '2018-07-06'),
(583, 59, 3, '2018-08-20', '2018-07-12'),
(584, 59, 4, '2018-08-21', '2018-07-06'),
(585, 59, 5, '2018-08-20', '2018-07-14'),
(586, 59, 6, '2018-08-21', '2018-07-09'),
(587, 59, 7, '2018-08-25', '2018-07-04'),
(588, 59, 8, '2018-08-28', '2018-07-10'),
(589, 59, 9, '2018-08-25', '2018-07-04'),
(590, 59, 10, '2018-08-29', '2018-07-04'),
(591, 60, 1, '2018-08-15', '2018-07-01'),
(592, 60, 2, '2018-08-16', '2018-07-05'),
(593, 60, 3, '2018-08-22', '2018-07-02'),
(594, 60, 4, '2018-08-23', '2018-07-01'),
(595, 60, 5, '2018-08-25', '2018-07-11'),
(596, 60, 6, '2018-08-21', '2018-07-12'),
(597, 60, 7, '2018-08-15', '2018-07-14'),
(598, 60, 8, '2018-08-18', '2018-07-06'),
(599, 60, 9, '2018-08-27', '2018-07-01'),
(600, 60, 10, '2018-08-28', '2018-07-13'),
(601, 61, 1, '2018-08-15', '2018-07-02'),
(602, 61, 2, '2018-08-25', '2018-07-02'),
(603, 61, 3, '2018-08-17', '2018-07-08'),
(604, 61, 4, '2018-08-25', '2018-07-11'),
(605, 61, 5, '2018-08-20', '2018-07-13'),
(606, 61, 6, '2018-08-30', '2018-07-12'),
(607, 61, 7, '2018-08-26', '2018-07-05'),
(608, 61, 8, '2018-08-30', '2018-07-04'),
(609, 61, 9, '2018-08-18', '2018-07-09'),
(610, 61, 10, '2018-08-19', '2018-07-01'),
(611, 62, 1, '2018-08-29', '2018-07-04'),
(612, 62, 2, '2018-08-15', '2018-07-12'),
(613, 62, 3, '2018-08-16', '2018-07-08'),
(614, 62, 4, '2018-08-22', '2018-07-01'),
(615, 62, 5, '2018-08-27', '2018-07-01'),
(616, 62, 6, '2018-08-27', '2018-07-13'),
(617, 62, 7, '2018-08-20', '2018-07-09'),
(618, 62, 8, '2018-08-18', '2018-07-13'),
(619, 62, 9, '2018-08-30', '2018-07-13'),
(620, 62, 10, '2018-08-21', '2018-07-01'),
(621, 63, 1, '2018-08-15', '2018-07-06'),
(622, 63, 2, '2018-08-26', '2018-07-09'),
(623, 63, 3, '2018-08-17', '2018-07-07'),
(624, 63, 4, '2018-08-18', '2018-07-13'),
(625, 63, 5, '2018-08-18', '2018-07-05'),
(626, 63, 6, '2018-08-21', '2018-07-07'),
(627, 63, 7, '2018-08-15', '2018-07-06'),
(628, 63, 8, '2018-08-29', '2018-07-02'),
(629, 63, 9, '2018-08-24', '2018-07-09'),
(630, 63, 10, '2018-08-22', '2018-07-09'),
(631, 64, 1, '2018-08-16', '2018-07-05'),
(632, 64, 2, '2018-08-25', '2018-07-14'),
(633, 64, 3, '2018-08-24', '2018-07-13'),
(634, 64, 4, '2018-08-23', '2018-07-10'),
(635, 64, 5, '2018-08-27', '2018-07-12'),
(636, 64, 6, '2018-08-16', '2018-07-09'),
(637, 64, 7, '2018-08-18', '2018-07-02'),
(638, 64, 8, '2018-08-27', '2018-07-09'),
(639, 64, 9, '2018-08-15', '2018-07-10'),
(640, 64, 10, '2018-08-24', '2018-07-14'),
(641, 65, 1, '2018-08-22', '2018-07-09'),
(642, 65, 2, '2018-08-25', '2018-07-01'),
(643, 65, 3, '2018-08-18', '2018-07-08'),
(644, 65, 4, '2018-08-27', '2018-07-06'),
(645, 65, 5, '2018-08-26', '2018-07-03'),
(646, 65, 6, '2018-08-18', '2018-07-06'),
(647, 65, 7, '2018-08-26', '2018-07-01'),
(648, 65, 8, '2018-08-27', '2018-07-14'),
(649, 65, 9, '2018-08-22', '2018-07-05'),
(650, 65, 10, '2018-08-19', '2018-07-14'),
(651, 66, 1, '2018-08-23', '2018-07-04'),
(652, 66, 2, '2018-08-15', '2018-07-14'),
(653, 66, 3, '2018-08-16', '2018-07-13'),
(654, 66, 4, '2018-08-19', '2018-07-01'),
(655, 66, 5, '2018-08-28', '2018-07-03'),
(656, 66, 6, '2018-08-23', '2018-07-14'),
(657, 66, 7, '2018-08-22', '2018-07-04'),
(658, 66, 8, '2018-08-17', '2018-07-10'),
(659, 66, 9, '2018-08-18', '2018-07-12'),
(660, 66, 10, '2018-08-26', '2018-07-06'),
(661, 67, 1, '2018-08-26', '2018-07-12'),
(662, 67, 2, '2018-08-25', '2018-07-05'),
(663, 67, 3, '2018-08-15', '2018-07-05'),
(664, 67, 4, '2018-08-17', '2018-07-06'),
(665, 67, 5, '2018-08-20', '2018-07-03'),
(666, 67, 6, '2018-08-22', '2018-07-09'),
(667, 67, 7, '2018-08-16', '2018-07-11'),
(668, 67, 8, '2018-08-27', '2018-07-06'),
(669, 67, 9, '2018-08-15', '2018-07-06'),
(670, 67, 10, '2018-08-19', '2018-07-02'),
(671, 68, 1, '2018-08-19', '2018-07-05'),
(672, 68, 2, '2018-08-30', '2018-07-09'),
(673, 68, 3, '2018-08-28', '2018-07-06'),
(674, 68, 4, '2018-08-30', '2018-07-13'),
(675, 68, 5, '2018-08-21', '2018-07-06'),
(676, 68, 6, '2018-08-29', '2018-07-09'),
(677, 68, 7, '2018-08-23', '2018-07-11'),
(678, 68, 8, '2018-08-21', '2018-07-13'),
(679, 68, 9, '2018-08-30', '2018-07-11'),
(680, 68, 10, '2018-08-18', '2018-07-04'),
(681, 69, 1, '2018-08-22', '2018-07-06'),
(682, 69, 2, '2018-08-21', '2018-07-02'),
(683, 69, 3, '2018-08-23', '2018-07-02'),
(684, 69, 4, '2018-08-21', '2018-07-09'),
(685, 69, 5, '2018-08-21', '2018-07-11'),
(686, 69, 6, '2018-08-18', '2018-07-01'),
(687, 69, 7, '2018-08-29', '2018-07-05'),
(688, 69, 8, '2018-08-27', '2018-07-10'),
(689, 69, 9, '2018-08-20', '2018-07-04'),
(690, 69, 10, '2018-08-21', '2018-07-11'),
(691, 70, 1, '2018-08-21', '2018-07-04'),
(692, 70, 2, '2018-08-17', '2018-07-13'),
(693, 70, 3, '2018-08-16', '2018-07-03'),
(694, 70, 4, '2018-08-17', '2018-07-11'),
(695, 70, 5, '2018-08-24', '2018-07-04'),
(696, 70, 6, '2018-08-26', '2018-07-12'),
(697, 70, 7, '2018-08-26', '2018-07-14'),
(698, 70, 8, '2018-08-28', '2018-07-10'),
(699, 70, 9, '2018-08-16', '2018-07-04'),
(700, 70, 10, '2018-08-15', '2018-07-04'),
(701, 71, 1, '2018-08-27', '2018-07-09'),
(702, 71, 2, '2018-08-23', '2018-07-09'),
(703, 71, 3, '2018-08-16', '2018-07-11'),
(704, 71, 4, '2018-08-29', '2018-07-13'),
(705, 71, 5, '2018-08-26', '2018-07-09'),
(706, 71, 6, '2018-08-23', '2018-07-02'),
(707, 71, 7, '2018-08-15', '2018-07-06'),
(708, 71, 8, '2018-08-16', '2018-07-12'),
(709, 71, 9, '2018-08-30', '2018-07-08'),
(710, 71, 10, '2018-08-30', '2018-07-07'),
(711, 72, 1, '2018-08-20', '2018-07-14'),
(712, 72, 2, '2018-08-22', '2018-07-13'),
(713, 72, 3, '2018-08-18', '2018-07-09'),
(714, 72, 4, '2018-08-30', '2018-07-04'),
(715, 72, 5, '2018-08-18', '2018-07-14'),
(716, 72, 6, '2018-08-26', '2018-07-03'),
(717, 72, 7, '2018-08-27', '2018-07-03'),
(718, 72, 8, '2018-08-22', '2018-07-11'),
(719, 72, 9, '2018-08-23', '2018-07-05'),
(720, 72, 10, '2018-08-25', '2018-07-13'),
(721, 73, 1, '2018-08-28', '2018-07-02'),
(722, 73, 2, '2018-08-25', '2018-07-10'),
(723, 73, 3, '2018-08-30', '2018-07-09'),
(724, 73, 4, '2018-08-28', '2018-07-12'),
(725, 73, 5, '2018-08-23', '2018-07-12'),
(726, 73, 6, '2018-08-16', '2018-07-09'),
(727, 73, 7, '2018-08-22', '2018-07-01'),
(728, 73, 8, '2018-08-29', '2018-07-02'),
(729, 73, 9, '2018-08-22', '2018-07-09'),
(730, 73, 10, '2018-08-20', '2018-07-07'),
(731, 74, 1, '2018-08-15', '2018-07-07'),
(732, 74, 2, '2018-08-18', '2018-07-11'),
(733, 74, 3, '2018-08-23', '2018-07-14'),
(734, 74, 4, '2018-08-15', '2018-07-06'),
(735, 74, 5, '2018-08-25', '2018-07-05'),
(736, 74, 6, '2018-08-26', '2018-07-09'),
(737, 74, 7, '2018-08-29', '2018-07-06'),
(738, 74, 8, '2018-08-16', '2018-07-03'),
(739, 74, 9, '2018-08-18', '2018-07-01'),
(740, 74, 10, '2018-08-30', '2018-07-04'),
(741, 75, 1, '2018-08-23', '2018-07-11'),
(742, 75, 2, '2018-08-23', '2018-07-09'),
(743, 75, 3, '2018-08-29', '2018-07-06'),
(744, 75, 4, '2018-08-25', '2018-07-02'),
(745, 75, 5, '2018-08-19', '2018-07-12'),
(746, 75, 6, '2018-08-29', '2018-07-13'),
(747, 75, 7, '2018-08-24', '2018-07-12'),
(748, 75, 8, '2018-08-24', '2018-07-08'),
(749, 75, 9, '2018-08-19', '2018-07-08'),
(750, 75, 10, '2018-08-21', '2018-07-12'),
(751, 76, 1, '2018-08-15', '2018-07-12'),
(752, 76, 2, '2018-08-22', '2018-07-13'),
(753, 76, 3, '2018-08-25', '2018-07-04'),
(754, 76, 4, '2018-08-15', '2018-07-14'),
(755, 76, 5, '2018-08-27', '2018-07-14'),
(756, 76, 6, '2018-08-18', '2018-07-14'),
(757, 76, 7, '2018-08-24', '2018-07-01'),
(758, 76, 8, '2018-08-27', '2018-07-10'),
(759, 76, 9, '2018-08-23', '2018-07-10'),
(760, 76, 10, '2018-08-27', '2018-07-01'),
(761, 77, 1, '2018-08-19', '2018-07-01'),
(762, 77, 2, '2018-08-15', '2018-07-07'),
(763, 77, 3, '2018-08-23', '2018-07-02'),
(764, 77, 4, '2018-08-22', '2018-07-09'),
(765, 77, 5, '2018-08-25', '2018-07-08'),
(766, 77, 6, '2018-08-30', '2018-07-09'),
(767, 77, 7, '2018-08-26', '2018-07-02'),
(768, 77, 8, '2018-08-16', '2018-07-14'),
(769, 77, 9, '2018-08-25', '2018-07-05'),
(770, 77, 10, '2018-08-24', '2018-07-06'),
(771, 78, 1, '2018-08-26', '2018-07-01'),
(772, 78, 2, '2018-08-29', '2018-07-12'),
(773, 78, 3, '2018-08-24', '2018-07-13'),
(774, 78, 4, '2018-08-17', '2018-07-04'),
(775, 78, 5, '2018-08-28', '2018-07-08'),
(776, 78, 6, '2018-08-22', '2018-07-04'),
(777, 78, 7, '2018-08-24', '2018-07-07'),
(778, 78, 8, '2018-08-28', '2018-07-03'),
(779, 78, 9, '2018-08-26', '2018-07-07'),
(780, 78, 10, '2018-08-23', '2018-07-13'),
(781, 79, 1, '2018-08-20', '2018-07-07'),
(782, 79, 2, '2018-08-29', '2018-07-06'),
(783, 79, 3, '2018-08-29', '2018-07-03'),
(784, 79, 4, '2018-08-28', '2018-07-14'),
(785, 79, 5, '2018-08-21', '2018-07-04'),
(786, 79, 6, '2018-08-25', '2018-07-09'),
(787, 79, 7, '2018-08-22', '2018-07-10'),
(788, 79, 8, '2018-08-16', '2018-07-08'),
(789, 79, 9, '2018-08-17', '2018-07-14'),
(790, 79, 10, '2018-08-26', '2018-07-01'),
(791, 80, 1, '2018-08-25', '2018-07-07'),
(792, 80, 2, '2018-08-30', '2018-07-11'),
(793, 80, 3, '2018-08-28', '2018-07-10'),
(794, 80, 4, '2018-08-18', '2018-07-10'),
(795, 80, 5, '2018-08-17', '2018-07-01'),
(796, 80, 6, '2018-08-30', '2018-07-13'),
(797, 80, 7, '2018-08-28', '2018-07-11'),
(798, 80, 8, '2018-08-30', '2018-07-09'),
(799, 80, 9, '2018-08-27', '2018-07-10'),
(800, 80, 10, '2018-08-22', '2018-07-01'),
(801, 81, 1, '2018-08-15', '2018-07-10'),
(802, 81, 2, '2018-08-28', '2018-07-11'),
(803, 81, 3, '2018-08-29', '2018-07-13'),
(804, 81, 4, '2018-08-25', '2018-07-07'),
(805, 81, 5, '2018-08-17', '2018-07-02'),
(806, 81, 6, '2018-08-27', '2018-07-08'),
(807, 81, 7, '2018-08-19', '2018-07-04'),
(808, 81, 8, '2018-08-28', '2018-07-03'),
(809, 81, 9, '2018-08-27', '2018-07-02'),
(810, 81, 10, '2018-08-28', '2018-07-06'),
(811, 82, 1, '2018-08-22', '2018-07-10'),
(812, 82, 2, '2018-08-30', '2018-07-11'),
(813, 82, 3, '2018-08-30', '2018-07-01'),
(814, 82, 4, '2018-08-15', '2018-07-07'),
(815, 82, 5, '2018-08-29', '2018-07-07'),
(816, 82, 6, '2018-08-19', '2018-07-10'),
(817, 82, 7, '2018-08-27', '2018-07-09'),
(818, 82, 8, '2018-08-27', '2018-07-12'),
(819, 82, 9, '2018-08-16', '2018-07-05'),
(820, 82, 10, '2018-08-20', '2018-07-01'),
(821, 83, 1, '2018-08-28', '2018-07-14'),
(822, 83, 2, '2018-08-28', '2018-07-01'),
(823, 83, 3, '2018-08-27', '2018-07-13'),
(824, 83, 4, '2018-08-27', '2018-07-07'),
(825, 83, 5, '2018-08-25', '2018-07-05'),
(826, 83, 6, '2018-08-29', '2018-07-08'),
(827, 83, 7, '2018-08-29', '2018-07-10'),
(828, 83, 8, '2018-08-25', '2018-07-02'),
(829, 83, 9, '2018-08-29', '2018-07-06'),
(830, 83, 10, '2018-08-22', '2018-07-06'),
(831, 84, 1, '2018-08-24', '2018-07-09'),
(832, 84, 2, '2018-08-15', '2018-07-07'),
(833, 84, 3, '2018-08-20', '2018-07-01'),
(834, 84, 4, '2018-08-26', '2018-07-11'),
(835, 84, 5, '2018-08-27', '2018-07-09'),
(836, 84, 6, '2018-08-17', '2018-07-04'),
(837, 84, 7, '2018-08-19', '2018-07-09'),
(838, 84, 8, '2018-08-19', '2018-07-06'),
(839, 84, 9, '2018-08-15', '2018-07-08'),
(840, 84, 10, '2018-08-29', '2018-07-01'),
(841, 85, 1, '2018-08-30', '2018-07-04'),
(842, 85, 2, '2018-08-30', '2018-07-09'),
(843, 85, 3, '2018-08-26', '2018-07-07'),
(844, 85, 4, '2018-08-16', '2018-07-03'),
(845, 85, 5, '2018-08-16', '2018-07-04'),
(846, 85, 6, '2018-08-16', '2018-07-12'),
(847, 85, 7, '2018-08-16', '2018-07-01'),
(848, 85, 8, '2018-08-23', '2018-07-01'),
(849, 85, 9, '2018-08-29', '2018-07-11'),
(850, 85, 10, '2018-08-17', '2018-07-09'),
(851, 86, 1, '2018-08-24', '2018-07-06'),
(852, 86, 2, '2018-08-28', '2018-07-13'),
(853, 86, 3, '2018-08-25', '2018-07-09'),
(854, 86, 4, '2018-08-20', '2018-07-03'),
(855, 86, 5, '2018-08-18', '2018-07-09'),
(856, 86, 6, '2018-08-18', '2018-07-02'),
(857, 86, 7, '2018-08-30', '2018-07-08'),
(858, 86, 8, '2018-08-18', '2018-07-09'),
(859, 86, 9, '2018-08-21', '2018-07-13'),
(860, 86, 10, '2018-08-24', '2018-07-14'),
(861, 87, 1, '2018-08-27', '2018-07-04'),
(862, 87, 2, '2018-08-15', '2018-07-04'),
(863, 87, 3, '2018-08-23', '2018-07-12'),
(864, 87, 4, '2018-08-25', '2018-07-10'),
(865, 87, 5, '2018-08-29', '2018-07-11'),
(866, 87, 6, '2018-08-19', '2018-07-04'),
(867, 87, 7, '2018-08-17', '2018-07-10'),
(868, 87, 8, '2018-08-20', '2018-07-02'),
(869, 87, 9, '2018-08-19', '2018-07-07'),
(870, 87, 10, '2018-08-19', '2018-07-08'),
(871, 88, 1, '2018-08-23', '2018-07-11'),
(872, 88, 2, '2018-08-30', '2018-07-10'),
(873, 88, 3, '2018-08-30', '2018-07-12'),
(874, 88, 4, '2018-08-24', '2018-07-04'),
(875, 88, 5, '2018-08-18', '2018-07-02'),
(876, 88, 6, '2018-08-30', '2018-07-06'),
(877, 88, 7, '2018-08-16', '2018-07-06'),
(878, 88, 8, '2018-08-24', '2018-07-04'),
(879, 88, 9, '2018-08-23', '2018-07-07'),
(880, 88, 10, '2018-08-24', '2018-07-02'),
(881, 89, 1, '2018-08-21', '2018-07-08'),
(882, 89, 2, '2018-08-19', '2018-07-06'),
(883, 89, 3, '2018-08-24', '2018-07-13'),
(884, 89, 4, '2018-08-17', '2018-07-13'),
(885, 89, 5, '2018-08-24', '2018-07-13'),
(886, 89, 6, '2018-08-16', '2018-07-11'),
(887, 89, 7, '2018-08-20', '2018-07-01'),
(888, 89, 8, '2018-08-21', '2018-07-14'),
(889, 89, 9, '2018-08-16', '2018-07-10'),
(890, 89, 10, '2018-08-26', '2018-07-02'),
(891, 90, 1, '2018-08-15', '2018-07-03'),
(892, 90, 2, '2018-08-22', '2018-07-09'),
(893, 90, 3, '2018-08-17', '2018-07-04'),
(894, 90, 4, '2018-08-16', '2018-07-09'),
(895, 90, 5, '2018-08-22', '2018-07-13'),
(896, 90, 6, '2018-08-30', '2018-07-05'),
(897, 90, 7, '2018-08-20', '2018-07-02'),
(898, 90, 8, '2018-08-25', '2018-07-09'),
(899, 90, 9, '2018-08-28', '2018-07-04'),
(900, 90, 10, '2018-08-28', '2018-07-05'),
(901, 91, 1, '2018-08-30', '2018-07-04'),
(902, 91, 2, '2018-08-27', '2018-07-06'),
(903, 91, 3, '2018-08-29', '2018-07-14'),
(904, 91, 4, '2018-08-20', '2018-07-09'),
(905, 91, 5, '2018-08-18', '2018-07-01'),
(906, 91, 6, '2018-08-29', '2018-07-10'),
(907, 91, 7, '2018-08-19', '2018-07-14'),
(908, 91, 8, '2018-08-17', '2018-07-08'),
(909, 91, 9, '2018-08-18', '2018-07-06'),
(910, 91, 10, '2018-08-29', '2018-07-01'),
(911, 92, 1, '2018-08-27', '2018-07-02'),
(912, 92, 2, '2018-08-27', '2018-07-03'),
(913, 92, 3, '2018-08-30', '2018-07-13'),
(914, 92, 4, '2018-08-27', '2018-07-05'),
(915, 92, 5, '2018-08-18', '2018-07-10'),
(916, 92, 6, '2018-08-25', '2018-07-01'),
(917, 92, 7, '2018-08-18', '2018-07-03'),
(918, 92, 8, '2018-08-19', '2018-07-12'),
(919, 92, 9, '2018-08-22', '2018-07-12'),
(920, 92, 10, '2018-08-22', '2018-07-01'),
(921, 93, 1, '2018-08-18', '2018-07-09'),
(922, 93, 2, '2018-08-27', '2018-07-10'),
(923, 93, 3, '2018-08-25', '2018-07-03'),
(924, 93, 4, '2018-08-26', '2018-07-11'),
(925, 93, 5, '2018-08-19', '2018-07-11'),
(926, 93, 6, '2018-08-28', '2018-07-07'),
(927, 93, 7, '2018-08-17', '2018-07-11'),
(928, 93, 8, '2018-08-18', '2018-07-01'),
(929, 93, 9, '2018-08-23', '2018-07-01'),
(930, 93, 10, '2018-08-22', '2018-07-05'),
(931, 94, 1, '2018-08-17', '2018-07-11'),
(932, 94, 2, '2018-08-21', '2018-07-10'),
(933, 94, 3, '2018-08-26', '2018-07-12'),
(934, 94, 4, '2018-08-21', '2018-07-05'),
(935, 94, 5, '2018-08-18', '2018-07-07'),
(936, 94, 6, '2018-08-30', '2018-07-06'),
(937, 94, 7, '2018-08-16', '2018-07-05'),
(938, 94, 8, '2018-08-15', '2018-07-05'),
(939, 94, 9, '2018-08-20', '2018-07-08'),
(940, 94, 10, '2018-08-25', '2018-07-07'),
(941, 95, 1, '2018-08-24', '2018-07-04'),
(942, 95, 2, '2018-08-15', '2018-07-07'),
(943, 95, 3, '2018-08-29', '2018-07-12'),
(944, 95, 4, '2018-08-20', '2018-07-13'),
(945, 95, 5, '2018-08-20', '2018-07-03'),
(946, 95, 6, '2018-08-22', '2018-07-04'),
(947, 95, 7, '2018-08-27', '2018-07-10'),
(948, 95, 8, '2018-08-20', '2018-07-08'),
(949, 95, 9, '2018-08-25', '2018-07-14'),
(950, 95, 10, '2018-08-28', '2018-07-04'),
(951, 96, 1, '2018-08-21', '2018-07-12'),
(952, 96, 2, '2018-08-26', '2018-07-07'),
(953, 96, 3, '2018-08-16', '2018-07-03'),
(954, 96, 4, '2018-08-20', '2018-07-04'),
(955, 96, 5, '2018-08-29', '2018-07-06'),
(956, 96, 6, '2018-08-18', '2018-07-07'),
(957, 96, 7, '2018-08-18', '2018-07-12'),
(958, 96, 8, '2018-08-23', '2018-07-10'),
(959, 96, 9, '2018-08-18', '2018-07-03'),
(960, 96, 10, '2018-08-17', '2018-07-10'),
(961, 97, 1, '2018-08-29', '2018-07-08'),
(962, 97, 2, '2018-08-30', '2018-07-12'),
(963, 97, 3, '2018-08-25', '2018-07-05'),
(964, 97, 4, '2018-08-28', '2018-07-02'),
(965, 97, 5, '2018-08-26', '2018-07-03'),
(966, 97, 6, '2018-08-30', '2018-07-01'),
(967, 97, 7, '2018-08-16', '2018-07-04'),
(968, 97, 8, '2018-08-22', '2018-07-14'),
(969, 97, 9, '2018-08-20', '2018-07-06'),
(970, 97, 10, '2018-08-18', '2018-07-01'),
(971, 98, 1, '2018-08-18', '2018-07-07'),
(972, 98, 2, '2018-08-25', '2018-07-05'),
(973, 98, 3, '2018-08-29', '2018-07-12'),
(974, 98, 4, '2018-08-27', '2018-07-04'),
(975, 98, 5, '2018-08-21', '2018-07-14'),
(976, 98, 6, '2018-08-27', '2018-07-01'),
(977, 98, 7, '2018-08-15', '2018-07-13'),
(978, 98, 8, '2018-08-30', '2018-07-04'),
(979, 98, 9, '2018-08-22', '2018-07-05'),
(980, 98, 10, '2018-08-22', '2018-07-07'),
(981, 99, 1, '2018-08-25', '2018-07-03'),
(982, 99, 2, '2018-08-15', '2018-07-06'),
(983, 99, 3, '2018-08-25', '2018-07-07'),
(984, 99, 4, '2018-08-27', '2018-07-09'),
(985, 99, 5, '2018-08-19', '2018-07-09'),
(986, 99, 6, '2018-08-28', '2018-07-03'),
(987, 99, 7, '2018-08-29', '2018-07-09'),
(988, 99, 8, '2018-08-16', '2018-07-12'),
(989, 99, 9, '2018-08-21', '2018-07-11'),
(990, 99, 10, '2018-08-26', '2018-07-01'),
(991, 100, 1, '2018-08-23', '2018-07-08'),
(992, 100, 2, '2018-08-27', '2018-07-07'),
(993, 100, 3, '2018-08-26', '2018-07-09'),
(994, 100, 4, '2018-08-19', '2018-07-01'),
(995, 100, 5, '2018-08-23', '2018-07-11'),
(996, 100, 6, '2018-08-30', '2018-07-04'),
(997, 100, 7, '2018-08-15', '2018-07-02'),
(998, 100, 8, '2018-08-19', '2018-07-09'),
(999, 100, 9, '2018-08-26', '2018-07-04'),
(1000, 100, 10, '2018-08-18', '2018-07-14');
